-- 02_seed_demo_calc_demo_data_v6.2.sql
-- Загружает демо-данные: 3 менеджера × 15 действий, 40% действий заблокированы.
TRUNCATE TABLE demo_criterion_values, demo_expenses, sale_rows, actions, products, app_settings, app_users RESTART IDENTITY CASCADE;
INSERT INTO app_users(login,password,role,name,is_active) VALUES
('artur','123','director','Артур Гимадеев',TRUE),
('ruslan','111','manager','Руслан Абдулин',TRUE),
('timur','222','manager','Тимур Сафин',TRUE),
('maria','333','manager','Мария Иванова',TRUE),
('ildar','444','manager','Ильдар Хасанов',TRUE);
INSERT INTO app_settings(id, settings) VALUES (1, '{"vat_rate": 0.22, "bonus_rate": 0.65, "max_demo_deduction_pct": 1.0, "company_support_vat": 30000.0, "payroll_tax_rate": 0.3, "diesel_l_per_100km": 12.0, "font_family": "Arial", "ui": {"action_list_width_pct": 30, "font_base_px": 13, "font_title_px": 18, "card_padding_px": 10, "field_gap_px": 8, "table_row_height_px": 30, "criteria_row_min_height_px": 56, "criteria_level_font_px": 11.5, "criteria_name_width_pct": 20, "criteria_levels_width_pct": 60, "criteria_comment_width_pct": 20}, "criteria": [], "expense_settings": []}'::jsonb);
INSERT INTO products(product_id,sku,name,price_vat,price_net,min_price_net,margin_pct,comment) VALUES
('MINI-3.0-P10-F2500','MINI-3.0-P10-F2500','Криобластер MINI 3.0 (P10), 30 кг/ч, 2500 л/мин, MINI-II',203740,167000,130000,0.65,'Демо-товар'),
('BASIC-2.0-P10-PLa-F3500','BASIC-2.0-P10-PLa-F3500','Криобластер BASIC 2.0 (P10/PLa), 0-60 кг/ч, 3500 л/мин',1169980,959000,780000,0.65,'Демо-товар'),
('ONE-2.0-P12-PLa-F3500','ONE-2.0-P12-PLa-F3500','Криобластер ONE 2.0 (P12/PLa), 0-150 кг/ч, 3500 л/мин',1886120,1546000,1250000,0.65,'Демо-товар'),
('TR-2.0-MAX-P12-PLa-F3500-PRO-II','TR-2.0-MAX-P12-PLa-F3500-PRO-II','Криобластер TRANSFORMER 2.0 MAX (P12/PLa), 0-150 кг/ч, 3500 л/мин',2166720,1776000,1430000,0.65,'Демо-товар'),
('NZ-LV-5000','NZ-LV-5000','Сопло агрессивное NZ-LV-5000',92720,76000,55000,0.65,'Демо-товар');
INSERT INTO actions(action_id, action_type, manager_login, sequence_no, action_date, client, city, model, task_description, comment, is_director_confirmed, confirmed_amount, director_comment) VALUES
('RUSLAN-10','Проведенная демонстрация','ruslan',10,'2026-04-01','Центр Транс Техмаш','Казань','TRANSFORMER 2.0 MAX','Демо-задача очистки оборудования','Демо-данные',TRUE,50000,'Подтверждено директором'),
('RUSLAN-20','Проданное оборудование','ruslan',20,'2026-04-04','Центр Транс Техмаш','Казань','TRANSFORMER 2.0 MAX','Демо-задача очистки оборудования','Демо-данные',TRUE,51000,'Подтверждено директором'),
('RUSLAN-30','Проведенная демонстрация','ruslan',30,'2026-04-07','Центр Транс Техмаш','Казань','TRANSFORMER 2.0 MAX','Демо-задача очистки оборудования','Демо-данные',TRUE,52000,'Подтверждено директором'),
('RUSLAN-40','Проданное оборудование','ruslan',40,'2026-04-10','Центр Транс Техмаш','Казань','TRANSFORMER 2.0 MAX','Демо-задача очистки оборудования','Демо-данные',TRUE,53000,'Подтверждено директором'),
('RUSLAN-50','Проданное оборудование','ruslan',50,'2026-04-13','Центр Транс Техмаш','Казань','TRANSFORMER 2.0 MAX','Демо-задача очистки оборудования','Демо-данные',TRUE,54000,'Подтверждено директором'),
('RUSLAN-60','Выплата премии','ruslan',60,'2026-04-16','Центр Транс Техмаш','Казань','TRANSFORMER 2.0 MAX','Демо-задача очистки оборудования','Демо-данные',TRUE,120000,'Подтверждено директором'),
('RUSLAN-70','Проведенная демонстрация','ruslan',70,'2026-04-19','Центр Транс Техмаш','Казань','TRANSFORMER 2.0 MAX','Демо-задача очистки оборудования','Демо-данные',FALSE,NULL,''),
('RUSLAN-80','Проданное оборудование','ruslan',80,'2026-04-22','Центр Транс Техмаш','Казань','TRANSFORMER 2.0 MAX','Демо-задача очистки оборудования','Демо-данные',FALSE,NULL,''),
('RUSLAN-90','Проведенная демонстрация','ruslan',90,'2026-04-25','Центр Транс Техмаш','Казань','TRANSFORMER 2.0 MAX','Демо-задача очистки оборудования','Демо-данные',FALSE,NULL,''),
('RUSLAN-100','Проданное оборудование','ruslan',100,'2026-04-28','Центр Транс Техмаш','Казань','TRANSFORMER 2.0 MAX','Демо-задача очистки оборудования','Демо-данные',FALSE,NULL,''),
('RUSLAN-110','Проведенная демонстрация','ruslan',110,'2026-05-01','Центр Транс Техмаш','Казань','TRANSFORMER 2.0 MAX','Демо-задача очистки оборудования','Демо-данные',FALSE,NULL,''),
('RUSLAN-120','Проданное оборудование','ruslan',120,'2026-05-04','Центр Транс Техмаш','Казань','TRANSFORMER 2.0 MAX','Демо-задача очистки оборудования','Демо-данные',FALSE,NULL,''),
('RUSLAN-130','Проведенная демонстрация','ruslan',130,'2026-05-07','Центр Транс Техмаш','Казань','TRANSFORMER 2.0 MAX','Демо-задача очистки оборудования','Демо-данные',FALSE,NULL,''),
('RUSLAN-140','Проданное оборудование','ruslan',140,'2026-05-10','Центр Транс Техмаш','Казань','TRANSFORMER 2.0 MAX','Демо-задача очистки оборудования','Демо-данные',FALSE,NULL,''),
('RUSLAN-150','Выплата премии','ruslan',150,'2026-05-13','Центр Транс Техмаш','Казань','TRANSFORMER 2.0 MAX','Демо-задача очистки оборудования','Демо-данные',FALSE,NULL,''),
('TIMUR-10','Проведенная демонстрация','timur',10,'2026-04-02','Полипластик','Казань','TRANSFORMER 2.0 MAX','Демо-задача очистки оборудования','Демо-данные',TRUE,50000,'Подтверждено директором'),
('TIMUR-20','Проданное оборудование','timur',20,'2026-04-05','Полипластик','Казань','TRANSFORMER 2.0 MAX','Демо-задача очистки оборудования','Демо-данные',TRUE,51000,'Подтверждено директором'),
('TIMUR-30','Проведенная демонстрация','timur',30,'2026-04-08','Полипластик','Казань','TRANSFORMER 2.0 MAX','Демо-задача очистки оборудования','Демо-данные',TRUE,52000,'Подтверждено директором'),
('TIMUR-40','Проданное оборудование','timur',40,'2026-04-11','Полипластик','Казань','TRANSFORMER 2.0 MAX','Демо-задача очистки оборудования','Демо-данные',TRUE,53000,'Подтверждено директором'),
('TIMUR-50','Проданное оборудование','timur',50,'2026-04-14','Полипластик','Казань','TRANSFORMER 2.0 MAX','Демо-задача очистки оборудования','Демо-данные',TRUE,54000,'Подтверждено директором'),
('TIMUR-60','Выплата премии','timur',60,'2026-04-17','Полипластик','Казань','TRANSFORMER 2.0 MAX','Демо-задача очистки оборудования','Демо-данные',TRUE,120000,'Подтверждено директором'),
('TIMUR-70','Проведенная демонстрация','timur',70,'2026-04-20','Полипластик','Казань','TRANSFORMER 2.0 MAX','Демо-задача очистки оборудования','Демо-данные',FALSE,NULL,''),
('TIMUR-80','Проданное оборудование','timur',80,'2026-04-23','Полипластик','Казань','TRANSFORMER 2.0 MAX','Демо-задача очистки оборудования','Демо-данные',FALSE,NULL,''),
('TIMUR-90','Проведенная демонстрация','timur',90,'2026-04-26','Полипластик','Казань','TRANSFORMER 2.0 MAX','Демо-задача очистки оборудования','Демо-данные',FALSE,NULL,''),
('TIMUR-100','Проданное оборудование','timur',100,'2026-04-29','Полипластик','Казань','TRANSFORMER 2.0 MAX','Демо-задача очистки оборудования','Демо-данные',FALSE,NULL,''),
('TIMUR-110','Проведенная демонстрация','timur',110,'2026-05-02','Полипластик','Казань','TRANSFORMER 2.0 MAX','Демо-задача очистки оборудования','Демо-данные',FALSE,NULL,''),
('TIMUR-120','Проданное оборудование','timur',120,'2026-05-05','Полипластик','Казань','TRANSFORMER 2.0 MAX','Демо-задача очистки оборудования','Демо-данные',FALSE,NULL,''),
('TIMUR-130','Проведенная демонстрация','timur',130,'2026-05-08','Полипластик','Казань','TRANSFORMER 2.0 MAX','Демо-задача очистки оборудования','Демо-данные',FALSE,NULL,''),
('TIMUR-140','Проданное оборудование','timur',140,'2026-05-11','Полипластик','Казань','TRANSFORMER 2.0 MAX','Демо-задача очистки оборудования','Демо-данные',FALSE,NULL,''),
('TIMUR-150','Выплата премии','timur',150,'2026-05-14','Полипластик','Казань','TRANSFORMER 2.0 MAX','Демо-задача очистки оборудования','Демо-данные',FALSE,NULL,''),
('MARIA-10','Проведенная демонстрация','maria',10,'2026-04-03','Кондитерская фабрика','Казань','TRANSFORMER 2.0 MAX','Демо-задача очистки оборудования','Демо-данные',TRUE,50000,'Подтверждено директором'),
('MARIA-20','Проданное оборудование','maria',20,'2026-04-06','Кондитерская фабрика','Казань','TRANSFORMER 2.0 MAX','Демо-задача очистки оборудования','Демо-данные',TRUE,51000,'Подтверждено директором'),
('MARIA-30','Проведенная демонстрация','maria',30,'2026-04-09','Кондитерская фабрика','Казань','TRANSFORMER 2.0 MAX','Демо-задача очистки оборудования','Демо-данные',TRUE,52000,'Подтверждено директором'),
('MARIA-40','Проданное оборудование','maria',40,'2026-04-12','Кондитерская фабрика','Казань','TRANSFORMER 2.0 MAX','Демо-задача очистки оборудования','Демо-данные',TRUE,53000,'Подтверждено директором'),
('MARIA-50','Проданное оборудование','maria',50,'2026-04-15','Кондитерская фабрика','Казань','TRANSFORMER 2.0 MAX','Демо-задача очистки оборудования','Демо-данные',TRUE,54000,'Подтверждено директором'),
('MARIA-60','Выплата премии','maria',60,'2026-04-18','Кондитерская фабрика','Казань','TRANSFORMER 2.0 MAX','Демо-задача очистки оборудования','Демо-данные',TRUE,120000,'Подтверждено директором'),
('MARIA-70','Проведенная демонстрация','maria',70,'2026-04-21','Кондитерская фабрика','Казань','TRANSFORMER 2.0 MAX','Демо-задача очистки оборудования','Демо-данные',FALSE,NULL,''),
('MARIA-80','Проданное оборудование','maria',80,'2026-04-24','Кондитерская фабрика','Казань','TRANSFORMER 2.0 MAX','Демо-задача очистки оборудования','Демо-данные',FALSE,NULL,''),
('MARIA-90','Проведенная демонстрация','maria',90,'2026-04-27','Кондитерская фабрика','Казань','TRANSFORMER 2.0 MAX','Демо-задача очистки оборудования','Демо-данные',FALSE,NULL,''),
('MARIA-100','Проданное оборудование','maria',100,'2026-04-30','Кондитерская фабрика','Казань','TRANSFORMER 2.0 MAX','Демо-задача очистки оборудования','Демо-данные',FALSE,NULL,''),
('MARIA-110','Проведенная демонстрация','maria',110,'2026-05-03','Кондитерская фабрика','Казань','TRANSFORMER 2.0 MAX','Демо-задача очистки оборудования','Демо-данные',FALSE,NULL,''),
('MARIA-120','Проданное оборудование','maria',120,'2026-05-06','Кондитерская фабрика','Казань','TRANSFORMER 2.0 MAX','Демо-задача очистки оборудования','Демо-данные',FALSE,NULL,''),
('MARIA-130','Проведенная демонстрация','maria',130,'2026-05-09','Кондитерская фабрика','Казань','TRANSFORMER 2.0 MAX','Демо-задача очистки оборудования','Демо-данные',FALSE,NULL,''),
('MARIA-140','Проданное оборудование','maria',140,'2026-05-12','Кондитерская фабрика','Казань','TRANSFORMER 2.0 MAX','Демо-задача очистки оборудования','Демо-данные',FALSE,NULL,''),
('MARIA-150','Выплата премии','maria',150,'2026-05-15','Кондитерская фабрика','Казань','TRANSFORMER 2.0 MAX','Демо-задача очистки оборудования','Демо-данные',FALSE,NULL,'');
INSERT INTO demo_expenses(action_id,row_order,article,qty,unit,price_net,price_vat,amount_vat,calc_type,is_custom,comment) VALUES
('RUSLAN-10',1,'Работа водителя',1800,'км',15,18.30,32940.0,'direct',FALSE,'Демо'),
('RUSLAN-10',2,'Работа демонстратора',16,'часы',1350,1647,26352,'direct',FALSE,'Демо'),
('RUSLAN-10',3,'Расходы на закупку сухого льда',300,'кг',73.77,90,27000,'direct_vat_price',FALSE,'Демо'),
('RUSLAN-30',1,'Работа водителя',1800,'км',15,18.30,32940.0,'direct',FALSE,'Демо'),
('RUSLAN-30',2,'Работа демонстратора',16,'часы',1350,1647,26352,'direct',FALSE,'Демо'),
('RUSLAN-30',3,'Расходы на закупку сухого льда',300,'кг',73.77,90,27000,'direct_vat_price',FALSE,'Демо'),
('RUSLAN-70',1,'Работа водителя',1800,'км',15,18.30,32940.0,'direct',FALSE,'Демо'),
('RUSLAN-70',2,'Работа демонстратора',16,'часы',1350,1647,26352,'direct',FALSE,'Демо'),
('RUSLAN-70',3,'Расходы на закупку сухого льда',300,'кг',73.77,90,27000,'direct_vat_price',FALSE,'Демо'),
('RUSLAN-90',1,'Работа водителя',1800,'км',15,18.30,32940.0,'direct',FALSE,'Демо'),
('RUSLAN-90',2,'Работа демонстратора',16,'часы',1350,1647,26352,'direct',FALSE,'Демо'),
('RUSLAN-90',3,'Расходы на закупку сухого льда',300,'кг',73.77,90,27000,'direct_vat_price',FALSE,'Демо'),
('RUSLAN-110',1,'Работа водителя',1800,'км',15,18.30,32940.0,'direct',FALSE,'Демо'),
('RUSLAN-110',2,'Работа демонстратора',16,'часы',1350,1647,26352,'direct',FALSE,'Демо'),
('RUSLAN-110',3,'Расходы на закупку сухого льда',300,'кг',73.77,90,27000,'direct_vat_price',FALSE,'Демо'),
('RUSLAN-130',1,'Работа водителя',1800,'км',15,18.30,32940.0,'direct',FALSE,'Демо'),
('RUSLAN-130',2,'Работа демонстратора',16,'часы',1350,1647,26352,'direct',FALSE,'Демо'),
('RUSLAN-130',3,'Расходы на закупку сухого льда',300,'кг',73.77,90,27000,'direct_vat_price',FALSE,'Демо'),
('TIMUR-10',1,'Работа водителя',900,'км',15,18.30,16470.0,'direct',FALSE,'Демо'),
('TIMUR-10',2,'Работа демонстратора',16,'часы',1350,1647,26352,'direct',FALSE,'Демо'),
('TIMUR-10',3,'Расходы на закупку сухого льда',300,'кг',73.77,90,27000,'direct_vat_price',FALSE,'Демо'),
('TIMUR-30',1,'Работа водителя',900,'км',15,18.30,16470.0,'direct',FALSE,'Демо'),
('TIMUR-30',2,'Работа демонстратора',16,'часы',1350,1647,26352,'direct',FALSE,'Демо'),
('TIMUR-30',3,'Расходы на закупку сухого льда',300,'кг',73.77,90,27000,'direct_vat_price',FALSE,'Демо'),
('TIMUR-70',1,'Работа водителя',900,'км',15,18.30,16470.0,'direct',FALSE,'Демо'),
('TIMUR-70',2,'Работа демонстратора',16,'часы',1350,1647,26352,'direct',FALSE,'Демо'),
('TIMUR-70',3,'Расходы на закупку сухого льда',300,'кг',73.77,90,27000,'direct_vat_price',FALSE,'Демо'),
('TIMUR-90',1,'Работа водителя',900,'км',15,18.30,16470.0,'direct',FALSE,'Демо'),
('TIMUR-90',2,'Работа демонстратора',16,'часы',1350,1647,26352,'direct',FALSE,'Демо'),
('TIMUR-90',3,'Расходы на закупку сухого льда',300,'кг',73.77,90,27000,'direct_vat_price',FALSE,'Демо'),
('TIMUR-110',1,'Работа водителя',900,'км',15,18.30,16470.0,'direct',FALSE,'Демо'),
('TIMUR-110',2,'Работа демонстратора',16,'часы',1350,1647,26352,'direct',FALSE,'Демо'),
('TIMUR-110',3,'Расходы на закупку сухого льда',300,'кг',73.77,90,27000,'direct_vat_price',FALSE,'Демо'),
('TIMUR-130',1,'Работа водителя',900,'км',15,18.30,16470.0,'direct',FALSE,'Демо'),
('TIMUR-130',2,'Работа демонстратора',16,'часы',1350,1647,26352,'direct',FALSE,'Демо'),
('TIMUR-130',3,'Расходы на закупку сухого льда',300,'кг',73.77,90,27000,'direct_vat_price',FALSE,'Демо'),
('MARIA-10',1,'Работа водителя',300,'км',15,18.30,5490.0,'direct',FALSE,'Демо'),
('MARIA-10',2,'Работа демонстратора',16,'часы',1350,1647,26352,'direct',FALSE,'Демо'),
('MARIA-10',3,'Расходы на закупку сухого льда',300,'кг',73.77,90,27000,'direct_vat_price',FALSE,'Демо'),
('MARIA-30',1,'Работа водителя',300,'км',15,18.30,5490.0,'direct',FALSE,'Демо'),
('MARIA-30',2,'Работа демонстратора',16,'часы',1350,1647,26352,'direct',FALSE,'Демо'),
('MARIA-30',3,'Расходы на закупку сухого льда',300,'кг',73.77,90,27000,'direct_vat_price',FALSE,'Демо'),
('MARIA-70',1,'Работа водителя',300,'км',15,18.30,5490.0,'direct',FALSE,'Демо'),
('MARIA-70',2,'Работа демонстратора',16,'часы',1350,1647,26352,'direct',FALSE,'Демо'),
('MARIA-70',3,'Расходы на закупку сухого льда',300,'кг',73.77,90,27000,'direct_vat_price',FALSE,'Демо'),
('MARIA-90',1,'Работа водителя',300,'км',15,18.30,5490.0,'direct',FALSE,'Демо'),
('MARIA-90',2,'Работа демонстратора',16,'часы',1350,1647,26352,'direct',FALSE,'Демо'),
('MARIA-90',3,'Расходы на закупку сухого льда',300,'кг',73.77,90,27000,'direct_vat_price',FALSE,'Демо'),
('MARIA-110',1,'Работа водителя',300,'км',15,18.30,5490.0,'direct',FALSE,'Демо'),
('MARIA-110',2,'Работа демонстратора',16,'часы',1350,1647,26352,'direct',FALSE,'Демо'),
('MARIA-110',3,'Расходы на закупку сухого льда',300,'кг',73.77,90,27000,'direct_vat_price',FALSE,'Демо'),
('MARIA-130',1,'Работа водителя',300,'км',15,18.30,5490.0,'direct',FALSE,'Демо'),
('MARIA-130',2,'Работа демонстратора',16,'часы',1350,1647,26352,'direct',FALSE,'Демо'),
('MARIA-130',3,'Расходы на закупку сухого льда',300,'кг',73.77,90,27000,'direct_vat_price',FALSE,'Демо');
INSERT INTO demo_criterion_values(action_id,criterion_code,level_index,manager_comment) VALUES
('RUSLAN-10','P1',2,'Демо-подтверждение уровня'),
('RUSLAN-10','P2',2,'Демо-подтверждение уровня'),
('RUSLAN-10','P3',2,'Демо-подтверждение уровня'),
('RUSLAN-10','P4',2,'Демо-подтверждение уровня'),
('RUSLAN-10','P5',2,'Демо-подтверждение уровня'),
('RUSLAN-10','P6',2,'Демо-подтверждение уровня'),
('RUSLAN-10','P7',2,'Демо-подтверждение уровня'),
('RUSLAN-10','P8',2,'Демо-подтверждение уровня'),
('RUSLAN-10','R1',2,'Демо-подтверждение уровня'),
('RUSLAN-10','R2',2,'Демо-подтверждение уровня'),
('RUSLAN-10','R3',2,'Демо-подтверждение уровня'),
('RUSLAN-10','R4',2,'Демо-подтверждение уровня'),
('RUSLAN-10','R5',2,'Демо-подтверждение уровня'),
('RUSLAN-10','R6',2,'Демо-подтверждение уровня'),
('RUSLAN-10','R7',2,'Демо-подтверждение уровня'),
('RUSLAN-10','M1',2,'Демо-подтверждение уровня'),
('RUSLAN-10','M2',2,'Демо-подтверждение уровня'),
('RUSLAN-10','M3',2,'Демо-подтверждение уровня'),
('RUSLAN-10','M4',2,'Демо-подтверждение уровня'),
('RUSLAN-10','M5',2,'Демо-подтверждение уровня'),
('RUSLAN-10','M6',2,'Демо-подтверждение уровня'),
('RUSLAN-10','M7',2,'Демо-подтверждение уровня'),
('RUSLAN-30','P1',2,'Демо-подтверждение уровня'),
('RUSLAN-30','P2',2,'Демо-подтверждение уровня'),
('RUSLAN-30','P3',2,'Демо-подтверждение уровня'),
('RUSLAN-30','P4',2,'Демо-подтверждение уровня'),
('RUSLAN-30','P5',2,'Демо-подтверждение уровня'),
('RUSLAN-30','P6',2,'Демо-подтверждение уровня'),
('RUSLAN-30','P7',2,'Демо-подтверждение уровня'),
('RUSLAN-30','P8',2,'Демо-подтверждение уровня'),
('RUSLAN-30','R1',2,'Демо-подтверждение уровня'),
('RUSLAN-30','R2',2,'Демо-подтверждение уровня'),
('RUSLAN-30','R3',2,'Демо-подтверждение уровня'),
('RUSLAN-30','R4',2,'Демо-подтверждение уровня'),
('RUSLAN-30','R5',2,'Демо-подтверждение уровня'),
('RUSLAN-30','R6',2,'Демо-подтверждение уровня'),
('RUSLAN-30','R7',2,'Демо-подтверждение уровня'),
('RUSLAN-30','M1',2,'Демо-подтверждение уровня'),
('RUSLAN-30','M2',2,'Демо-подтверждение уровня'),
('RUSLAN-30','M3',2,'Демо-подтверждение уровня'),
('RUSLAN-30','M4',2,'Демо-подтверждение уровня'),
('RUSLAN-30','M5',2,'Демо-подтверждение уровня'),
('RUSLAN-30','M6',2,'Демо-подтверждение уровня'),
('RUSLAN-30','M7',2,'Демо-подтверждение уровня'),
('RUSLAN-70','P1',1,'Демо-подтверждение уровня'),
('RUSLAN-70','P2',1,'Демо-подтверждение уровня'),
('RUSLAN-70','P3',1,'Демо-подтверждение уровня'),
('RUSLAN-70','P4',1,'Демо-подтверждение уровня'),
('RUSLAN-70','P5',1,'Демо-подтверждение уровня'),
('RUSLAN-70','P6',1,'Демо-подтверждение уровня'),
('RUSLAN-70','P7',1,'Демо-подтверждение уровня'),
('RUSLAN-70','P8',1,'Демо-подтверждение уровня'),
('RUSLAN-70','R1',1,'Демо-подтверждение уровня'),
('RUSLAN-70','R2',1,'Демо-подтверждение уровня'),
('RUSLAN-70','R3',1,'Демо-подтверждение уровня'),
('RUSLAN-70','R4',1,'Демо-подтверждение уровня'),
('RUSLAN-70','R5',1,'Демо-подтверждение уровня'),
('RUSLAN-70','R6',1,'Демо-подтверждение уровня'),
('RUSLAN-70','R7',1,'Демо-подтверждение уровня'),
('RUSLAN-70','M1',1,'Демо-подтверждение уровня'),
('RUSLAN-70','M2',1,'Демо-подтверждение уровня'),
('RUSLAN-70','M3',1,'Демо-подтверждение уровня'),
('RUSLAN-70','M4',1,'Демо-подтверждение уровня'),
('RUSLAN-70','M5',1,'Демо-подтверждение уровня'),
('RUSLAN-70','M6',1,'Демо-подтверждение уровня'),
('RUSLAN-70','M7',1,'Демо-подтверждение уровня'),
('RUSLAN-90','P1',0,'Демо-подтверждение уровня'),
('RUSLAN-90','P2',0,'Демо-подтверждение уровня'),
('RUSLAN-90','P3',0,'Демо-подтверждение уровня'),
('RUSLAN-90','P4',0,'Демо-подтверждение уровня'),
('RUSLAN-90','P5',0,'Демо-подтверждение уровня'),
('RUSLAN-90','P6',0,'Демо-подтверждение уровня'),
('RUSLAN-90','P7',0,'Демо-подтверждение уровня'),
('RUSLAN-90','P8',0,'Демо-подтверждение уровня'),
('RUSLAN-90','R1',0,'Демо-подтверждение уровня'),
('RUSLAN-90','R2',0,'Демо-подтверждение уровня'),
('RUSLAN-90','R3',0,'Демо-подтверждение уровня'),
('RUSLAN-90','R4',0,'Демо-подтверждение уровня'),
('RUSLAN-90','R5',0,'Демо-подтверждение уровня'),
('RUSLAN-90','R6',0,'Демо-подтверждение уровня'),
('RUSLAN-90','R7',0,'Демо-подтверждение уровня'),
('RUSLAN-90','M1',0,'Демо-подтверждение уровня'),
('RUSLAN-90','M2',0,'Демо-подтверждение уровня'),
('RUSLAN-90','M3',0,'Демо-подтверждение уровня'),
('RUSLAN-90','M4',0,'Демо-подтверждение уровня'),
('RUSLAN-90','M5',0,'Демо-подтверждение уровня'),
('RUSLAN-90','M6',0,'Демо-подтверждение уровня'),
('RUSLAN-90','M7',0,'Демо-подтверждение уровня'),
('RUSLAN-110','P1',1,'Демо-подтверждение уровня'),
('RUSLAN-110','P2',1,'Демо-подтверждение уровня'),
('RUSLAN-110','P3',1,'Демо-подтверждение уровня'),
('RUSLAN-110','P4',1,'Демо-подтверждение уровня'),
('RUSLAN-110','P5',1,'Демо-подтверждение уровня'),
('RUSLAN-110','P6',1,'Демо-подтверждение уровня'),
('RUSLAN-110','P7',1,'Демо-подтверждение уровня'),
('RUSLAN-110','P8',1,'Демо-подтверждение уровня'),
('RUSLAN-110','R1',1,'Демо-подтверждение уровня'),
('RUSLAN-110','R2',1,'Демо-подтверждение уровня'),
('RUSLAN-110','R3',1,'Демо-подтверждение уровня'),
('RUSLAN-110','R4',1,'Демо-подтверждение уровня'),
('RUSLAN-110','R5',1,'Демо-подтверждение уровня'),
('RUSLAN-110','R6',1,'Демо-подтверждение уровня'),
('RUSLAN-110','R7',1,'Демо-подтверждение уровня'),
('RUSLAN-110','M1',1,'Демо-подтверждение уровня'),
('RUSLAN-110','M2',1,'Демо-подтверждение уровня'),
('RUSLAN-110','M3',1,'Демо-подтверждение уровня'),
('RUSLAN-110','M4',1,'Демо-подтверждение уровня'),
('RUSLAN-110','M5',1,'Демо-подтверждение уровня'),
('RUSLAN-110','M6',1,'Демо-подтверждение уровня'),
('RUSLAN-110','M7',1,'Демо-подтверждение уровня'),
('RUSLAN-130','P1',0,'Демо-подтверждение уровня'),
('RUSLAN-130','P2',0,'Демо-подтверждение уровня'),
('RUSLAN-130','P3',0,'Демо-подтверждение уровня'),
('RUSLAN-130','P4',0,'Демо-подтверждение уровня'),
('RUSLAN-130','P5',0,'Демо-подтверждение уровня'),
('RUSLAN-130','P6',0,'Демо-подтверждение уровня'),
('RUSLAN-130','P7',0,'Демо-подтверждение уровня'),
('RUSLAN-130','P8',0,'Демо-подтверждение уровня'),
('RUSLAN-130','R1',0,'Демо-подтверждение уровня'),
('RUSLAN-130','R2',0,'Демо-подтверждение уровня'),
('RUSLAN-130','R3',0,'Демо-подтверждение уровня'),
('RUSLAN-130','R4',0,'Демо-подтверждение уровня'),
('RUSLAN-130','R5',0,'Демо-подтверждение уровня'),
('RUSLAN-130','R6',0,'Демо-подтверждение уровня'),
('RUSLAN-130','R7',0,'Демо-подтверждение уровня'),
('RUSLAN-130','M1',0,'Демо-подтверждение уровня'),
('RUSLAN-130','M2',0,'Демо-подтверждение уровня'),
('RUSLAN-130','M3',0,'Демо-подтверждение уровня'),
('RUSLAN-130','M4',0,'Демо-подтверждение уровня'),
('RUSLAN-130','M5',0,'Демо-подтверждение уровня'),
('RUSLAN-130','M6',0,'Демо-подтверждение уровня'),
('RUSLAN-130','M7',0,'Демо-подтверждение уровня'),
('TIMUR-10','P1',2,'Демо-подтверждение уровня'),
('TIMUR-10','P2',2,'Демо-подтверждение уровня'),
('TIMUR-10','P3',2,'Демо-подтверждение уровня'),
('TIMUR-10','P4',2,'Демо-подтверждение уровня'),
('TIMUR-10','P5',2,'Демо-подтверждение уровня'),
('TIMUR-10','P6',2,'Демо-подтверждение уровня'),
('TIMUR-10','P7',2,'Демо-подтверждение уровня'),
('TIMUR-10','P8',2,'Демо-подтверждение уровня'),
('TIMUR-10','R1',2,'Демо-подтверждение уровня'),
('TIMUR-10','R2',2,'Демо-подтверждение уровня'),
('TIMUR-10','R3',2,'Демо-подтверждение уровня'),
('TIMUR-10','R4',2,'Демо-подтверждение уровня'),
('TIMUR-10','R5',2,'Демо-подтверждение уровня'),
('TIMUR-10','R6',2,'Демо-подтверждение уровня'),
('TIMUR-10','R7',2,'Демо-подтверждение уровня'),
('TIMUR-10','M1',2,'Демо-подтверждение уровня'),
('TIMUR-10','M2',2,'Демо-подтверждение уровня'),
('TIMUR-10','M3',2,'Демо-подтверждение уровня'),
('TIMUR-10','M4',2,'Демо-подтверждение уровня'),
('TIMUR-10','M5',2,'Демо-подтверждение уровня'),
('TIMUR-10','M6',2,'Демо-подтверждение уровня'),
('TIMUR-10','M7',2,'Демо-подтверждение уровня'),
('TIMUR-30','P1',2,'Демо-подтверждение уровня'),
('TIMUR-30','P2',2,'Демо-подтверждение уровня'),
('TIMUR-30','P3',2,'Демо-подтверждение уровня'),
('TIMUR-30','P4',2,'Демо-подтверждение уровня'),
('TIMUR-30','P5',2,'Демо-подтверждение уровня'),
('TIMUR-30','P6',2,'Демо-подтверждение уровня'),
('TIMUR-30','P7',2,'Демо-подтверждение уровня'),
('TIMUR-30','P8',2,'Демо-подтверждение уровня'),
('TIMUR-30','R1',2,'Демо-подтверждение уровня'),
('TIMUR-30','R2',2,'Демо-подтверждение уровня'),
('TIMUR-30','R3',2,'Демо-подтверждение уровня'),
('TIMUR-30','R4',2,'Демо-подтверждение уровня'),
('TIMUR-30','R5',2,'Демо-подтверждение уровня'),
('TIMUR-30','R6',2,'Демо-подтверждение уровня'),
('TIMUR-30','R7',2,'Демо-подтверждение уровня'),
('TIMUR-30','M1',2,'Демо-подтверждение уровня'),
('TIMUR-30','M2',2,'Демо-подтверждение уровня'),
('TIMUR-30','M3',2,'Демо-подтверждение уровня'),
('TIMUR-30','M4',2,'Демо-подтверждение уровня'),
('TIMUR-30','M5',2,'Демо-подтверждение уровня'),
('TIMUR-30','M6',2,'Демо-подтверждение уровня'),
('TIMUR-30','M7',2,'Демо-подтверждение уровня'),
('TIMUR-70','P1',1,'Демо-подтверждение уровня'),
('TIMUR-70','P2',1,'Демо-подтверждение уровня'),
('TIMUR-70','P3',1,'Демо-подтверждение уровня'),
('TIMUR-70','P4',1,'Демо-подтверждение уровня'),
('TIMUR-70','P5',1,'Демо-подтверждение уровня'),
('TIMUR-70','P6',1,'Демо-подтверждение уровня'),
('TIMUR-70','P7',1,'Демо-подтверждение уровня'),
('TIMUR-70','P8',1,'Демо-подтверждение уровня'),
('TIMUR-70','R1',1,'Демо-подтверждение уровня'),
('TIMUR-70','R2',1,'Демо-подтверждение уровня'),
('TIMUR-70','R3',1,'Демо-подтверждение уровня'),
('TIMUR-70','R4',1,'Демо-подтверждение уровня'),
('TIMUR-70','R5',1,'Демо-подтверждение уровня'),
('TIMUR-70','R6',1,'Демо-подтверждение уровня'),
('TIMUR-70','R7',1,'Демо-подтверждение уровня'),
('TIMUR-70','M1',1,'Демо-подтверждение уровня'),
('TIMUR-70','M2',1,'Демо-подтверждение уровня'),
('TIMUR-70','M3',1,'Демо-подтверждение уровня'),
('TIMUR-70','M4',1,'Демо-подтверждение уровня'),
('TIMUR-70','M5',1,'Демо-подтверждение уровня'),
('TIMUR-70','M6',1,'Демо-подтверждение уровня'),
('TIMUR-70','M7',1,'Демо-подтверждение уровня'),
('TIMUR-90','P1',0,'Демо-подтверждение уровня'),
('TIMUR-90','P2',0,'Демо-подтверждение уровня'),
('TIMUR-90','P3',0,'Демо-подтверждение уровня'),
('TIMUR-90','P4',0,'Демо-подтверждение уровня'),
('TIMUR-90','P5',0,'Демо-подтверждение уровня'),
('TIMUR-90','P6',0,'Демо-подтверждение уровня'),
('TIMUR-90','P7',0,'Демо-подтверждение уровня'),
('TIMUR-90','P8',0,'Демо-подтверждение уровня'),
('TIMUR-90','R1',0,'Демо-подтверждение уровня'),
('TIMUR-90','R2',0,'Демо-подтверждение уровня'),
('TIMUR-90','R3',0,'Демо-подтверждение уровня'),
('TIMUR-90','R4',0,'Демо-подтверждение уровня'),
('TIMUR-90','R5',0,'Демо-подтверждение уровня'),
('TIMUR-90','R6',0,'Демо-подтверждение уровня'),
('TIMUR-90','R7',0,'Демо-подтверждение уровня'),
('TIMUR-90','M1',0,'Демо-подтверждение уровня'),
('TIMUR-90','M2',0,'Демо-подтверждение уровня'),
('TIMUR-90','M3',0,'Демо-подтверждение уровня'),
('TIMUR-90','M4',0,'Демо-подтверждение уровня'),
('TIMUR-90','M5',0,'Демо-подтверждение уровня'),
('TIMUR-90','M6',0,'Демо-подтверждение уровня'),
('TIMUR-90','M7',0,'Демо-подтверждение уровня'),
('TIMUR-110','P1',1,'Демо-подтверждение уровня'),
('TIMUR-110','P2',1,'Демо-подтверждение уровня'),
('TIMUR-110','P3',1,'Демо-подтверждение уровня'),
('TIMUR-110','P4',1,'Демо-подтверждение уровня'),
('TIMUR-110','P5',1,'Демо-подтверждение уровня'),
('TIMUR-110','P6',1,'Демо-подтверждение уровня'),
('TIMUR-110','P7',1,'Демо-подтверждение уровня'),
('TIMUR-110','P8',1,'Демо-подтверждение уровня'),
('TIMUR-110','R1',1,'Демо-подтверждение уровня'),
('TIMUR-110','R2',1,'Демо-подтверждение уровня'),
('TIMUR-110','R3',1,'Демо-подтверждение уровня'),
('TIMUR-110','R4',1,'Демо-подтверждение уровня'),
('TIMUR-110','R5',1,'Демо-подтверждение уровня'),
('TIMUR-110','R6',1,'Демо-подтверждение уровня'),
('TIMUR-110','R7',1,'Демо-подтверждение уровня'),
('TIMUR-110','M1',1,'Демо-подтверждение уровня'),
('TIMUR-110','M2',1,'Демо-подтверждение уровня'),
('TIMUR-110','M3',1,'Демо-подтверждение уровня'),
('TIMUR-110','M4',1,'Демо-подтверждение уровня'),
('TIMUR-110','M5',1,'Демо-подтверждение уровня'),
('TIMUR-110','M6',1,'Демо-подтверждение уровня'),
('TIMUR-110','M7',1,'Демо-подтверждение уровня'),
('TIMUR-130','P1',0,'Демо-подтверждение уровня'),
('TIMUR-130','P2',0,'Демо-подтверждение уровня'),
('TIMUR-130','P3',0,'Демо-подтверждение уровня'),
('TIMUR-130','P4',0,'Демо-подтверждение уровня'),
('TIMUR-130','P5',0,'Демо-подтверждение уровня'),
('TIMUR-130','P6',0,'Демо-подтверждение уровня'),
('TIMUR-130','P7',0,'Демо-подтверждение уровня'),
('TIMUR-130','P8',0,'Демо-подтверждение уровня'),
('TIMUR-130','R1',0,'Демо-подтверждение уровня'),
('TIMUR-130','R2',0,'Демо-подтверждение уровня'),
('TIMUR-130','R3',0,'Демо-подтверждение уровня'),
('TIMUR-130','R4',0,'Демо-подтверждение уровня'),
('TIMUR-130','R5',0,'Демо-подтверждение уровня'),
('TIMUR-130','R6',0,'Демо-подтверждение уровня'),
('TIMUR-130','R7',0,'Демо-подтверждение уровня'),
('TIMUR-130','M1',0,'Демо-подтверждение уровня'),
('TIMUR-130','M2',0,'Демо-подтверждение уровня'),
('TIMUR-130','M3',0,'Демо-подтверждение уровня'),
('TIMUR-130','M4',0,'Демо-подтверждение уровня'),
('TIMUR-130','M5',0,'Демо-подтверждение уровня'),
('TIMUR-130','M6',0,'Демо-подтверждение уровня'),
('TIMUR-130','M7',0,'Демо-подтверждение уровня'),
('MARIA-10','P1',2,'Демо-подтверждение уровня'),
('MARIA-10','P2',2,'Демо-подтверждение уровня'),
('MARIA-10','P3',2,'Демо-подтверждение уровня'),
('MARIA-10','P4',2,'Демо-подтверждение уровня'),
('MARIA-10','P5',2,'Демо-подтверждение уровня'),
('MARIA-10','P6',2,'Демо-подтверждение уровня'),
('MARIA-10','P7',2,'Демо-подтверждение уровня'),
('MARIA-10','P8',2,'Демо-подтверждение уровня'),
('MARIA-10','R1',2,'Демо-подтверждение уровня'),
('MARIA-10','R2',2,'Демо-подтверждение уровня'),
('MARIA-10','R3',2,'Демо-подтверждение уровня'),
('MARIA-10','R4',2,'Демо-подтверждение уровня'),
('MARIA-10','R5',2,'Демо-подтверждение уровня'),
('MARIA-10','R6',2,'Демо-подтверждение уровня'),
('MARIA-10','R7',2,'Демо-подтверждение уровня'),
('MARIA-10','M1',2,'Демо-подтверждение уровня'),
('MARIA-10','M2',2,'Демо-подтверждение уровня'),
('MARIA-10','M3',2,'Демо-подтверждение уровня'),
('MARIA-10','M4',2,'Демо-подтверждение уровня'),
('MARIA-10','M5',2,'Демо-подтверждение уровня'),
('MARIA-10','M6',2,'Демо-подтверждение уровня'),
('MARIA-10','M7',2,'Демо-подтверждение уровня'),
('MARIA-30','P1',2,'Демо-подтверждение уровня'),
('MARIA-30','P2',2,'Демо-подтверждение уровня'),
('MARIA-30','P3',2,'Демо-подтверждение уровня'),
('MARIA-30','P4',2,'Демо-подтверждение уровня'),
('MARIA-30','P5',2,'Демо-подтверждение уровня'),
('MARIA-30','P6',2,'Демо-подтверждение уровня'),
('MARIA-30','P7',2,'Демо-подтверждение уровня'),
('MARIA-30','P8',2,'Демо-подтверждение уровня'),
('MARIA-30','R1',2,'Демо-подтверждение уровня'),
('MARIA-30','R2',2,'Демо-подтверждение уровня'),
('MARIA-30','R3',2,'Демо-подтверждение уровня'),
('MARIA-30','R4',2,'Демо-подтверждение уровня'),
('MARIA-30','R5',2,'Демо-подтверждение уровня'),
('MARIA-30','R6',2,'Демо-подтверждение уровня'),
('MARIA-30','R7',2,'Демо-подтверждение уровня'),
('MARIA-30','M1',2,'Демо-подтверждение уровня'),
('MARIA-30','M2',2,'Демо-подтверждение уровня'),
('MARIA-30','M3',2,'Демо-подтверждение уровня'),
('MARIA-30','M4',2,'Демо-подтверждение уровня'),
('MARIA-30','M5',2,'Демо-подтверждение уровня'),
('MARIA-30','M6',2,'Демо-подтверждение уровня'),
('MARIA-30','M7',2,'Демо-подтверждение уровня'),
('MARIA-70','P1',1,'Демо-подтверждение уровня'),
('MARIA-70','P2',1,'Демо-подтверждение уровня'),
('MARIA-70','P3',1,'Демо-подтверждение уровня'),
('MARIA-70','P4',1,'Демо-подтверждение уровня'),
('MARIA-70','P5',1,'Демо-подтверждение уровня'),
('MARIA-70','P6',1,'Демо-подтверждение уровня'),
('MARIA-70','P7',1,'Демо-подтверждение уровня'),
('MARIA-70','P8',1,'Демо-подтверждение уровня'),
('MARIA-70','R1',1,'Демо-подтверждение уровня'),
('MARIA-70','R2',1,'Демо-подтверждение уровня'),
('MARIA-70','R3',1,'Демо-подтверждение уровня'),
('MARIA-70','R4',1,'Демо-подтверждение уровня'),
('MARIA-70','R5',1,'Демо-подтверждение уровня'),
('MARIA-70','R6',1,'Демо-подтверждение уровня'),
('MARIA-70','R7',1,'Демо-подтверждение уровня'),
('MARIA-70','M1',1,'Демо-подтверждение уровня'),
('MARIA-70','M2',1,'Демо-подтверждение уровня'),
('MARIA-70','M3',1,'Демо-подтверждение уровня'),
('MARIA-70','M4',1,'Демо-подтверждение уровня'),
('MARIA-70','M5',1,'Демо-подтверждение уровня'),
('MARIA-70','M6',1,'Демо-подтверждение уровня'),
('MARIA-70','M7',1,'Демо-подтверждение уровня'),
('MARIA-90','P1',0,'Демо-подтверждение уровня'),
('MARIA-90','P2',0,'Демо-подтверждение уровня'),
('MARIA-90','P3',0,'Демо-подтверждение уровня'),
('MARIA-90','P4',0,'Демо-подтверждение уровня'),
('MARIA-90','P5',0,'Демо-подтверждение уровня'),
('MARIA-90','P6',0,'Демо-подтверждение уровня'),
('MARIA-90','P7',0,'Демо-подтверждение уровня'),
('MARIA-90','P8',0,'Демо-подтверждение уровня'),
('MARIA-90','R1',0,'Демо-подтверждение уровня'),
('MARIA-90','R2',0,'Демо-подтверждение уровня'),
('MARIA-90','R3',0,'Демо-подтверждение уровня'),
('MARIA-90','R4',0,'Демо-подтверждение уровня'),
('MARIA-90','R5',0,'Демо-подтверждение уровня'),
('MARIA-90','R6',0,'Демо-подтверждение уровня'),
('MARIA-90','R7',0,'Демо-подтверждение уровня'),
('MARIA-90','M1',0,'Демо-подтверждение уровня'),
('MARIA-90','M2',0,'Демо-подтверждение уровня'),
('MARIA-90','M3',0,'Демо-подтверждение уровня'),
('MARIA-90','M4',0,'Демо-подтверждение уровня'),
('MARIA-90','M5',0,'Демо-подтверждение уровня'),
('MARIA-90','M6',0,'Демо-подтверждение уровня'),
('MARIA-90','M7',0,'Демо-подтверждение уровня'),
('MARIA-110','P1',1,'Демо-подтверждение уровня'),
('MARIA-110','P2',1,'Демо-подтверждение уровня'),
('MARIA-110','P3',1,'Демо-подтверждение уровня'),
('MARIA-110','P4',1,'Демо-подтверждение уровня'),
('MARIA-110','P5',1,'Демо-подтверждение уровня'),
('MARIA-110','P6',1,'Демо-подтверждение уровня'),
('MARIA-110','P7',1,'Демо-подтверждение уровня'),
('MARIA-110','P8',1,'Демо-подтверждение уровня'),
('MARIA-110','R1',1,'Демо-подтверждение уровня'),
('MARIA-110','R2',1,'Демо-подтверждение уровня'),
('MARIA-110','R3',1,'Демо-подтверждение уровня'),
('MARIA-110','R4',1,'Демо-подтверждение уровня'),
('MARIA-110','R5',1,'Демо-подтверждение уровня'),
('MARIA-110','R6',1,'Демо-подтверждение уровня'),
('MARIA-110','R7',1,'Демо-подтверждение уровня'),
('MARIA-110','M1',1,'Демо-подтверждение уровня'),
('MARIA-110','M2',1,'Демо-подтверждение уровня'),
('MARIA-110','M3',1,'Демо-подтверждение уровня'),
('MARIA-110','M4',1,'Демо-подтверждение уровня'),
('MARIA-110','M5',1,'Демо-подтверждение уровня'),
('MARIA-110','M6',1,'Демо-подтверждение уровня'),
('MARIA-110','M7',1,'Демо-подтверждение уровня'),
('MARIA-130','P1',0,'Демо-подтверждение уровня'),
('MARIA-130','P2',0,'Демо-подтверждение уровня'),
('MARIA-130','P3',0,'Демо-подтверждение уровня'),
('MARIA-130','P4',0,'Демо-подтверждение уровня'),
('MARIA-130','P5',0,'Демо-подтверждение уровня'),
('MARIA-130','P6',0,'Демо-подтверждение уровня'),
('MARIA-130','P7',0,'Демо-подтверждение уровня'),
('MARIA-130','P8',0,'Демо-подтверждение уровня'),
('MARIA-130','R1',0,'Демо-подтверждение уровня'),
('MARIA-130','R2',0,'Демо-подтверждение уровня'),
('MARIA-130','R3',0,'Демо-подтверждение уровня'),
('MARIA-130','R4',0,'Демо-подтверждение уровня'),
('MARIA-130','R5',0,'Демо-подтверждение уровня'),
('MARIA-130','R6',0,'Демо-подтверждение уровня'),
('MARIA-130','R7',0,'Демо-подтверждение уровня'),
('MARIA-130','M1',0,'Демо-подтверждение уровня'),
('MARIA-130','M2',0,'Демо-подтверждение уровня'),
('MARIA-130','M3',0,'Демо-подтверждение уровня'),
('MARIA-130','M4',0,'Демо-подтверждение уровня'),
('MARIA-130','M5',0,'Демо-подтверждение уровня'),
('MARIA-130','M6',0,'Демо-подтверждение уровня'),
('MARIA-130','M7',0,'Демо-подтверждение уровня');
INSERT INTO sale_rows(action_id,row_order,product_id,sku,name,price_vat,price_net,qty,total_vat,total_net,vat_sum,min_price_net,margin_unit,margin_pct,bonus_net) VALUES
('RUSLAN-20',1,'BASIC-2.0-P10-PLa-F3500','BASIC-2.0-P10-PLa-F3500','Криобластер BASIC 2.0 (P10/PLa), 0-60 кг/ч, 3500 л/мин',1169980,959000,1,1169980,959000,210980,780000,179000,0.65,116350.0),
('RUSLAN-40',1,'TR-2.0-MAX-P12-PLa-F3500-PRO-II','TR-2.0-MAX-P12-PLa-F3500-PRO-II','Криобластер TRANSFORMER 2.0 MAX (P12/PLa), 0-150 кг/ч, 3500 л/мин',2166720,1776000,1,2166720,1776000,390720,1430000,346000,0.65,224900.0),
('RUSLAN-50',1,'NZ-LV-5000','NZ-LV-5000','Сопло агрессивное NZ-LV-5000',92720,76000,2,185440,152000,33440,55000,21000,0.65,27300.0),
('RUSLAN-80',1,'ONE-2.0-P12-PLa-F3500','ONE-2.0-P12-PLa-F3500','Криобластер ONE 2.0 (P12/PLa), 0-150 кг/ч, 3500 л/мин',1886120,1546000,1,1886120,1546000,340120,1250000,296000,0.65,192400.0),
('RUSLAN-100',1,'NZ-LV-5000','NZ-LV-5000','Сопло агрессивное NZ-LV-5000',92720,76000,2,185440,152000,33440,55000,21000,0.65,27300.0),
('RUSLAN-120',1,'BASIC-2.0-P10-PLa-F3500','BASIC-2.0-P10-PLa-F3500','Криобластер BASIC 2.0 (P10/PLa), 0-60 кг/ч, 3500 л/мин',1169980,959000,1,1169980,959000,210980,780000,179000,0.65,116350.0),
('RUSLAN-140',1,'TR-2.0-MAX-P12-PLa-F3500-PRO-II','TR-2.0-MAX-P12-PLa-F3500-PRO-II','Криобластер TRANSFORMER 2.0 MAX (P12/PLa), 0-150 кг/ч, 3500 л/мин',2166720,1776000,1,2166720,1776000,390720,1430000,346000,0.65,224900.0),
('TIMUR-20',1,'ONE-2.0-P12-PLa-F3500','ONE-2.0-P12-PLa-F3500','Криобластер ONE 2.0 (P12/PLa), 0-150 кг/ч, 3500 л/мин',1886120,1546000,1,1886120,1546000,340120,1250000,296000,0.65,192400.0),
('TIMUR-40',1,'NZ-LV-5000','NZ-LV-5000','Сопло агрессивное NZ-LV-5000',92720,76000,2,185440,152000,33440,55000,21000,0.65,27300.0),
('TIMUR-50',1,'MINI-3.0-P10-F2500','MINI-3.0-P10-F2500','Криобластер MINI 3.0 (P10), 30 кг/ч, 2500 л/мин, MINI-II',203740,167000,1,203740,167000,36740,130000,37000,0.65,24050.0),
('TIMUR-80',1,'TR-2.0-MAX-P12-PLa-F3500-PRO-II','TR-2.0-MAX-P12-PLa-F3500-PRO-II','Криобластер TRANSFORMER 2.0 MAX (P12/PLa), 0-150 кг/ч, 3500 л/мин',2166720,1776000,1,2166720,1776000,390720,1430000,346000,0.65,224900.0),
('TIMUR-100',1,'MINI-3.0-P10-F2500','MINI-3.0-P10-F2500','Криобластер MINI 3.0 (P10), 30 кг/ч, 2500 л/мин, MINI-II',203740,167000,1,203740,167000,36740,130000,37000,0.65,24050.0),
('TIMUR-120',1,'ONE-2.0-P12-PLa-F3500','ONE-2.0-P12-PLa-F3500','Криобластер ONE 2.0 (P12/PLa), 0-150 кг/ч, 3500 л/мин',1886120,1546000,1,1886120,1546000,340120,1250000,296000,0.65,192400.0),
('TIMUR-140',1,'NZ-LV-5000','NZ-LV-5000','Сопло агрессивное NZ-LV-5000',92720,76000,2,185440,152000,33440,55000,21000,0.65,27300.0),
('MARIA-20',1,'TR-2.0-MAX-P12-PLa-F3500-PRO-II','TR-2.0-MAX-P12-PLa-F3500-PRO-II','Криобластер TRANSFORMER 2.0 MAX (P12/PLa), 0-150 кг/ч, 3500 л/мин',2166720,1776000,1,2166720,1776000,390720,1430000,346000,0.65,224900.0),
('MARIA-40',1,'MINI-3.0-P10-F2500','MINI-3.0-P10-F2500','Криобластер MINI 3.0 (P10), 30 кг/ч, 2500 л/мин, MINI-II',203740,167000,1,203740,167000,36740,130000,37000,0.65,24050.0),
('MARIA-50',1,'BASIC-2.0-P10-PLa-F3500','BASIC-2.0-P10-PLa-F3500','Криобластер BASIC 2.0 (P10/PLa), 0-60 кг/ч, 3500 л/мин',1169980,959000,1,1169980,959000,210980,780000,179000,0.65,116350.0),
('MARIA-80',1,'NZ-LV-5000','NZ-LV-5000','Сопло агрессивное NZ-LV-5000',92720,76000,2,185440,152000,33440,55000,21000,0.65,27300.0),
('MARIA-100',1,'BASIC-2.0-P10-PLa-F3500','BASIC-2.0-P10-PLa-F3500','Криобластер BASIC 2.0 (P10/PLa), 0-60 кг/ч, 3500 л/мин',1169980,959000,1,1169980,959000,210980,780000,179000,0.65,116350.0),
('MARIA-120',1,'TR-2.0-MAX-P12-PLa-F3500-PRO-II','TR-2.0-MAX-P12-PLa-F3500-PRO-II','Криобластер TRANSFORMER 2.0 MAX (P12/PLa), 0-150 кг/ч, 3500 л/мин',2166720,1776000,1,2166720,1776000,390720,1430000,346000,0.65,224900.0),
('MARIA-140',1,'MINI-3.0-P10-F2500','MINI-3.0-P10-F2500','Криобластер MINI 3.0 (P10), 30 кг/ч, 2500 л/мин, MINI-II',203740,167000,1,203740,167000,36740,130000,37000,0.65,24050.0);

-- Проверка
SELECT manager_login, COUNT(*) AS actions_total, COUNT(*) FILTER (WHERE is_locked) AS locked_actions FROM v_actions_with_lock GROUP BY manager_login ORDER BY manager_login;
