-- 01b_create_empty_schema_demo_calc_v6_5.sql
-- Выполнять после подключения к базе demo_calc.

CREATE TABLE IF NOT EXISTS app_users (
    login TEXT PRIMARY KEY,
    password TEXT NOT NULL,
    role TEXT NOT NULL CHECK (role IN ('director','manager')),
    name TEXT NOT NULL,
    office_city TEXT NOT NULL DEFAULT 'Казань',
    is_active BOOLEAN NOT NULL DEFAULT TRUE,
    created_at TIMESTAMP NOT NULL DEFAULT NOW()
);
CREATE TABLE IF NOT EXISTS app_settings (
    id INTEGER PRIMARY KEY DEFAULT 1,
    settings JSONB NOT NULL,
    updated_at TIMESTAMP NOT NULL DEFAULT NOW()
);
CREATE TABLE IF NOT EXISTS products (
    product_id TEXT PRIMARY KEY,
    row_order INTEGER NOT NULL DEFAULT 0,
    sku TEXT NOT NULL,
    name TEXT NOT NULL,
    price_vat NUMERIC(14,2) NOT NULL DEFAULT 0,
    price_net NUMERIC(14,2) NOT NULL DEFAULT 0,
    city_params JSONB NOT NULL DEFAULT '{}'::jsonb,
    comment TEXT NOT NULL DEFAULT ''
);
CREATE TABLE IF NOT EXISTS actions (
    action_id TEXT PRIMARY KEY,
    action_type TEXT NOT NULL CHECK (action_type IN ('Проведенная демонстрация','Проданное оборудование','Выплата премии')),
    manager_login TEXT NOT NULL REFERENCES app_users(login),
    sequence_no INTEGER NOT NULL,
    action_date DATE NOT NULL,
    client TEXT NOT NULL DEFAULT '',
    city TEXT NOT NULL DEFAULT '',
    model TEXT NOT NULL DEFAULT '',
    task_description TEXT NOT NULL DEFAULT '',
    comment TEXT NOT NULL DEFAULT '',
    payload JSONB NOT NULL DEFAULT '{}'::jsonb,
    is_director_confirmed BOOLEAN NOT NULL DEFAULT FALSE,
    confirmed_amount NUMERIC(14,2),
    director_comment TEXT NOT NULL DEFAULT '',
    created_at TIMESTAMP NOT NULL DEFAULT NOW(),
    updated_at TIMESTAMP NOT NULL DEFAULT NOW(),
    UNIQUE(manager_login, sequence_no)
);
CREATE TABLE IF NOT EXISTS demo_expenses (
    id BIGSERIAL PRIMARY KEY,
    action_id TEXT NOT NULL REFERENCES actions(action_id) ON DELETE CASCADE,
    row_order INTEGER NOT NULL,
    row_code TEXT NOT NULL DEFAULT '',
    article TEXT NOT NULL,
    qty NUMERIC(14,4) NOT NULL DEFAULT 0,
    unit TEXT NOT NULL DEFAULT '',
    price_net NUMERIC(14,2) NOT NULL DEFAULT 0,
    price_vat NUMERIC(14,2) NOT NULL DEFAULT 0,
    amount_vat NUMERIC(14,2) NOT NULL DEFAULT 0,
    calc_type TEXT NOT NULL DEFAULT 'direct',
    is_custom BOOLEAN NOT NULL DEFAULT FALSE,
    comment TEXT NOT NULL DEFAULT ''
);
CREATE TABLE IF NOT EXISTS demo_criterion_values (
    action_id TEXT NOT NULL REFERENCES actions(action_id) ON DELETE CASCADE,
    criterion_code TEXT NOT NULL,
    level_index INTEGER NOT NULL DEFAULT 0,
    manager_comment TEXT NOT NULL DEFAULT '',
    PRIMARY KEY(action_id, criterion_code)
);
CREATE TABLE IF NOT EXISTS sale_rows (
    id BIGSERIAL PRIMARY KEY,
    action_id TEXT NOT NULL REFERENCES actions(action_id) ON DELETE CASCADE,
    row_order INTEGER NOT NULL,
    product_id TEXT NOT NULL REFERENCES products(product_id),
    sku TEXT NOT NULL,
    name TEXT NOT NULL,
    pr0_vat NUMERIC(14,2) NOT NULL DEFAULT 0,
    price_vat NUMERIC(14,2) NOT NULL DEFAULT 0,
    price_net NUMERIC(14,2) NOT NULL DEFAULT 0,
    qty NUMERIC(14,4) NOT NULL DEFAULT 1,
    total_vat NUMERIC(14,2) NOT NULL DEFAULT 0,
    total_net NUMERIC(14,2) NOT NULL DEFAULT 0,
    vat_sum NUMERIC(14,2) NOT NULL DEFAULT 0,
    mr_unit NUMERIC(14,2) NOT NULL DEFAULT 0,
    pr_unit NUMERIC(14,2) NOT NULL DEFAULT 0,
    st_pct NUMERIC(8,6) NOT NULL DEFAULT 0,
    cash_net NUMERIC(14,2) NOT NULL DEFAULT 0
);

ALTER TABLE app_users ADD COLUMN IF NOT EXISTS office_city TEXT NOT NULL DEFAULT 'Казань';
ALTER TABLE products ADD COLUMN IF NOT EXISTS row_order INTEGER NOT NULL DEFAULT 0;
ALTER TABLE products ADD COLUMN IF NOT EXISTS city_params JSONB NOT NULL DEFAULT '{}'::jsonb;
ALTER TABLE actions ADD COLUMN IF NOT EXISTS payload JSONB NOT NULL DEFAULT '{}'::jsonb;
ALTER TABLE demo_expenses ADD COLUMN IF NOT EXISTS row_code TEXT NOT NULL DEFAULT '';
ALTER TABLE sale_rows ADD COLUMN IF NOT EXISTS pr0_vat NUMERIC(14,2) NOT NULL DEFAULT 0;
ALTER TABLE sale_rows ADD COLUMN IF NOT EXISTS mr_unit NUMERIC(14,2) NOT NULL DEFAULT 0;
ALTER TABLE sale_rows ADD COLUMN IF NOT EXISTS pr_unit NUMERIC(14,2) NOT NULL DEFAULT 0;
ALTER TABLE sale_rows ADD COLUMN IF NOT EXISTS st_pct NUMERIC(8,6) NOT NULL DEFAULT 0;
ALTER TABLE sale_rows ADD COLUMN IF NOT EXISTS cash_net NUMERIC(14,2) NOT NULL DEFAULT 0;

DROP VIEW IF EXISTS v_actions_with_lock;
CREATE OR REPLACE VIEW v_actions_with_lock AS
SELECT
    a.*,
    EXISTS (
        SELECT 1
        FROM actions p
        WHERE p.manager_login = a.manager_login
          AND p.action_type = 'Выплата премии'
          AND p.is_director_confirmed = TRUE
          AND p.sequence_no >= a.sequence_no
    ) AS is_locked
FROM actions a;


-- 02_seed_demo_calc_demo_data_v6_5.sql
-- Загружает демо-данные v3: Excel-смета, P/R/M из калькулятора, 2 офиса, 4 менеджера.
TRUNCATE TABLE demo_criterion_values, demo_expenses, sale_rows, actions, products, app_settings, app_users RESTART IDENTITY CASCADE;

INSERT INTO app_users(login,password,role,name,office_city,is_active) VALUES
('artur','123','director','Артур Гимадеев','Казань',TRUE),
('ruslan','111','manager','Руслан Абдулин','Казань',TRUE),
('timur','222','manager','Тимур Сафин','Казань',TRUE),
('maria','333','manager','Мария Иванова','Москва',TRUE),
('ildar','444','manager','Ильдар Хасанов','Москва',TRUE);

INSERT INTO app_settings(id, settings) VALUES (1, '{"vat_rate":0.22,"k1":0.65,"payroll_tax_rate":0.3,"npd_factor":0.94,"driver_avg_speed_kmh":75.0,"driver_prep_hours":2.0,"diesel_l_per_100km":15.0,"office_cities":["Казань","Москва"],"office_rates":{"Казань":{"driver_km_rate":15.0,"cryoblaster_rate":4000.0,"gazelle_rate":18000.0,"sale_st":0.565},"Москва":{"driver_km_rate":20.0,"cryoblaster_rate":6000.0,"gazelle_rate":22000.0,"sale_st":0.465}},"font_family":"Arial","ui":{"action_list_width_pct":31,"font_base_px":13,"font_title_px":18,"card_padding_px":10,"field_gap_px":8,"table_row_height_px":30,"criteria_name_width_pct":20,"criteria_levels_width_pct":60,"criteria_comment_width_pct":20},"criteria":[{"block":"P","code":"P1","title":"Покупающий центр подтвержден","desc":"оценивает, кто со стороны клиента реально участвует в демонстрации и согласовании. Максимальный балл ставится только если есть и технический инициатор, и руководитель / ЛПР.","levels":[["Участники не подтверждены",0],["Только пользователь / мастер",5],["Есть руководитель 2 или 3 уровня",10],["Есть руководитель организации",15]]},{"block":"P","code":"P2","title":"Объект очистки определен","desc":"оценивает, есть ли конкретный объект, который будут чистить. Максимальный балл — если объект заранее выбран, сфотографирован и признан клиентом приоритетным.","levels":[["Объект не выбран",0],["Объект назван устно",5],["Объект назван и есть фото / видео",10],["Заполнена анкета (лили имеется аналог данных из анкеты) и есть фото",15]]},{"block":"P","code":"P3","title":"Загрязнение и текущий метод очистки описаны","desc":"оценивает, понятно ли, что именно нужно удалить и чем клиент чистит сейчас. Это важно, чтобы не ехать “просто показать аппарат”.","levels":[["Загрязнение не описано",0],["Описано только загрязнение",4],["Описаны загрязнение и текущий метод",7],["Заполнена анкета (лили имеется аналог данных из анкеты) и есть фото",10]]},{"block":"P","code":"P4","title":"Воздух и площадка подтверждены","desc":"оценивает готовность пневмосети и места проведения. Максимальный балл — если подтверждены давление, расход, подключение, доступ, безопасность и условия площадки.","levels":[["Данные по воздуху отсутствуют",0],["Подтверждено только давление",5],["Подтверждены давление и расход",10],["Заполнена анкета (лили имеется аналог данных из анкеты) и есть фото",15]]},{"block":"P","code":"P5","title":"Критерии успеха согласованы","desc":"оценивает, договорились ли заранее, что считается успешной демонстрацией. Это снижает споры после показа.","levels":[["Критерии не согласованы",0],["Есть устное ожидание результата",5],["Согласованы качество и время очистки",10],["Заполнена анкета (лили имеется аналог данных из анкеты) и есть фото",15]]},{"block":"P","code":"P6","title":"Коммерческий потенциал понятен","desc":"оценивает, есть ли связь между демонстрацией и будущей продажей. Максимальный балл — когда понятны модель, бюджет, срок и следующий коммерческий шаг.","levels":[["Коммерческий потенциал не понятен",0],["Есть общий интерес",5],["Понятна возможная модель или бюджет",10],["Понятны модель, бюджет, срок и следующий шаг",15]]},{"block":"P","code":"P7","title":"Логистика и бюджет выезда согласованы","desc":"оценивает, подготовлены ли маршрут, лед, транспорт, люди и бюджет. Максимальный балл — если выезд согласован до начала расходов.","levels":[["Логистика не согласована",0],["Согласованы маршрут и участники",5],["Согласованы маршрут, участники, лед, транспорт и бюджет",10]]},{"block":"P","code":"P8","title":"Карточка и акнета подготовки заполнена и направлена директору и координатору","desc":"формальный критерий дисциплины. Без заполненной карточки нельзя доказать качество подготовки.","levels":[["Карточка отсутствует",0],["Карточка заполнена частично",3],["Карточка заполнена полностью",5]]},{"block":"R","code":"R1","title":"Согласованный технический результат по очистке обознгаченных загрязнений в акнете/письме достигнут","desc":"оценивает, достигнута ли цель очистки, согласованная до демонстрации.","levels":[["Результат не достигнут",0],["Результат достигнут частично",8],["Результат достигнут полностью",15],["Результат достигнут лучше согласованных критериев",20]]},{"block":"R","code":"R2","title":"Измерения зафиксированы","desc":"оценивает, есть ли цифры, а не только впечатление. Максимальный балл — если зафиксированы время, расход льда, давление, сопло и площадь / деталь.","levels":[["Измерений нет",0],["Есть только фото / видео",5],["Есть время или расход льда",10],["Есть время, расход льда, давление, сопло и площадь / деталь",15]]},{"block":"R","code":"R3","title":"Клиент подтвердил результат","desc":"оценивает, кто со стороны клиента увидел и подтвердил результат. Максимальный балл — если результат подтвердил руководитель / ЛПР или технический руководитель.","levels":[["Подтверждения клиента нет",0],["Подтвердил пользователь / мастер",5],["Есть руководитель 2 или 3 уровня",10],["Есть руководитель организации",15]]},{"block":"R","code":"R4","title":"Следующий шаг после демонстрации получен","desc":"главный коммерческий критерий результата. Максимальный балл — если клиент запросил КП, счет, аренду, договор или повторный тест по конкретной сделке.","levels":[["Следующего шага нет",0],["Есть только устный интерес",5],["Назначена дата следующего контакта / встречи",12],["Запрошены КП, счет, аренда, договор или повторный тест",20]]},{"block":"R","code":"R5","title":"Отчет по демонстрации оформлен","desc":"отчет нужен для внутреннего согласования у клиента и для контроля внутри ИРБИСТЕХ.","levels":[["Отчета нет",0],["Есть краткий отчет с фото / видео",5],["Есть отчет с фото / видео, цифрами и выводом",10]]},{"block":"R","code":"R6","title":"Экономика для клиента посчитана","desc":"оценивает, удалось ли перевести технический результат в деньги: простой, труд, расходники, брак, ресурс оборудования.","levels":[["Экономика не обсуждалась",0],["Есть оценка эффекта словами",5],["Есть расчет в часах, рублях или человеко-часах",10]]},{"block":"R","code":"R7","title":"Причина неуспеха или отказа зафиксирована","desc":"этот критерий нужен, если демонстрация не привела сразу к продаже. Важно понять: проблема в технологии, клиенте, бюджете, воздухе, подготовке или сроках.","levels":[["Причина не зафиксирована",0],["Причина описана устно",5],["Причина зафиксирована письменно и есть дальнейшее решение",10]]},{"block":"M","code":"M1","title":"Стратегический статус клиента подтвержден","desc":"снижает вычет, если клиент важен для компании: крупный холдинг, отраслевой лидер, возможны повторные продажи или публичный кейс.","levels":[["Стратегический статус не запрашивался у директора",0],["Статус не директором до выезда",8],["Статус подтвержден директором до выезда",15]]},{"block":"M","code":"M4","title":"Логистика выезда оптимизирована","desc":"снижает вычет, если расходы распределяются не на одну демонстрацию, а на несколько задач маршрута.","levels":[["1 клиент Х демо",0],["2 клиент Х демо",5],["3 клиент Х демо и более",10]]},{"block":"M","code":"M6","title":"Демонстрация дала маркетинговую или R&D-ценность","desc":"снижает вычет, если демонстрация полезна не только для одной сделки, но и для будущих продаж: фото, видео, новый кейс, новая отрасль, проверка новой задачи.","levels":[["Материалы непригодны для повторного использования",0],["Материалы пригодны только внутри компании",7],["Материалы пригодны для кейса / маркетинга (фото 16:9 и видео 16:9)",15]]}],"expense_settings":[{"code":"d_driver_km","article":"Работа водителя за километраж по маячку А5/А6","section":"driver","unit":"км","qty_default":300,"price_net_default":0,"price_vat_default":0,"qty_manager":true,"price_manager":false,"calc_type":"office_driver_km","comment":"Количество вводит менеджер; ставка NET на руки подставляется по офису менеджера; НПД считается через 0.94"},{"code":"d_demo_work","article":"Работа демонстратора*","section":"driver","unit":"часы","qty_default":4,"price_net_default":1350,"price_vat_default":0,"qty_manager":false,"price_manager":false,"calc_type":"demo_work_total","comment":"Количество = время на мед./тех. осмотр + время работы демонстратором; НПД считается через 0.94"},{"code":"d_night_compensation","article":"Компенсация за ночевку и другие согласованные расходы","section":"driver","unit":"руб. на руки","qty_default":0,"price_net_default":0,"price_vat_default":0,"qty_manager":true,"price_manager":false,"calc_type":"npd_cash_input","comment":"Менеджер вводит сумму на руки; НПД считается через 0.94"},{"code":"d_cryoblaster","article":"Демонстрация криобластера","section":"driver","unit":"усл","qty_default":1,"price_net_default":0,"price_vat_default":0,"qty_manager":true,"price_manager":false,"calc_type":"office_cryoblaster","comment":"Количество вводит менеджер; ставка NET на руки подставляется по офису менеджера; НПД считается через 0.94"},{"code":"d_hard_conditions","article":"Усложненные условия труда","section":"driver","unit":"усл","qty_default":0,"price_net_default":1700,"price_vat_default":0,"qty_manager":true,"price_manager":false,"calc_type":"npd_direct","comment":"Жара/холод/дождь/снег/противогаз/грязная или шумная среда/улица/сложный допуск, если указано в акте"},{"code":"d_electric_compressor","article":"Работа с электрическим компрессором в фанере","section":"driver","unit":"усл","qty_default":0,"price_net_default":3500,"price_vat_default":0,"qty_manager":true,"price_manager":false,"calc_type":"npd_direct","comment":"Административная ставка; количество вводит менеджер"},{"code":"d_electro_reel","article":"Использование электрокатушки","section":"driver","unit":"усл","qty_default":1,"price_net_default":1000,"price_vat_default":0,"qty_manager":true,"price_manager":true,"calc_type":"npd_direct","comment":"Менеджер может менять количество и ставку NET на руки"},{"code":"d_load_unload","article":"Выгрузка и загрузка компрессора и электрокатушки","section":"driver","unit":"усл","qty_default":0,"price_net_default":2000,"price_vat_default":0,"qty_manager":true,"price_manager":true,"calc_type":"npd_direct","comment":"Снятие/монтаж ремней, подготовка к перемещению, перемещение на колесах/платформе или с механизацией"},{"code":"o_transport_fixed","article":"Расходы на перевозку чужим транспортом (туда-обратно)","section":"other","unit":"усл","qty_default":0,"price_net_default":2800,"price_vat_default":0,"qty_manager":true,"price_manager":true,"calc_type":"direct","comment":"Менеджерское поле"},{"code":"o_transport_km","article":"Расходы на перевозку чужим транспортом (туда-обратно)","section":"other","unit":"км","qty_default":0,"price_net_default":41,"price_vat_default":0,"qty_manager":true,"price_manager":true,"calc_type":"direct","comment":"Менеджерское поле по километражу стороннего транспорта"},{"code":"o_hotel_manager","article":"Расходы на отель Менеджера","section":"other","unit":"день х чел","qty_default":0,"price_net_default":2800,"price_vat_default":0,"qty_manager":true,"price_manager":true,"calc_type":"direct","comment":"Менеджерское поле"},{"code":"o_hotel_driver","article":"Расходы на отель Водителя","section":"other","unit":"день х чел","qty_default":0,"price_net_default":2800,"price_vat_default":0,"qty_manager":true,"price_manager":true,"calc_type":"direct","comment":"Менеджерское поле"},{"code":"o_manager_travel","article":"Расходы на переезд менеджера","section":"other","unit":"усл","qty_default":0,"price_net_default":3000,"price_vat_default":0,"qty_manager":true,"price_manager":true,"calc_type":"direct","comment":"Менеджерское поле"},{"code":"o_toll","article":"Расходы на платную дорогу (туда-обратно) по транспондеру","section":"other","unit":"усл","qty_default":0,"price_net_default":0,"price_vat_default":0,"qty_manager":true,"price_manager":false,"calc_type":"cash_amount_vat","comment":"Менеджер вводит сумму платежа; сумма попадает в расходы с НДС как в Excel"},{"code":"o_per_diem","article":"Суточные по командировки (при ночевке)","section":"other","unit":"день х чел","qty_default":1,"price_net_default":1500,"price_vat_default":0,"qty_manager":true,"price_manager":false,"calc_type":"direct","comment":"Количество вводит менеджер; ставка административная"},{"code":"o_diesel","article":"Расходы на дизель (15 л/100км), л","section":"other","unit":"литры","qty_default":0,"price_net_default":0,"price_vat_default":72,"qty_manager":false,"price_manager":true,"calc_type":"diesel","comment":"Количество = километраж / 100 × 15; цена с НДС вводится менеджером"},{"code":"o_gazelle_amort","article":"Амортизация Газели и ТО","section":"other","unit":"усл","qty_default":1,"price_net_default":0,"price_vat_default":0,"qty_manager":false,"price_manager":false,"calc_type":"office_gazelle_amort_total","comment":"Административная ставка подставляется по офису менеджера"},{"code":"o_dry_ice_purchase","article":"Расходы на закупку сухого льда","section":"other","unit":"кг","qty_default":30,"price_net_default":0,"price_vat_default":110,"qty_manager":true,"price_manager":true,"calc_type":"direct_vat_price","comment":"Менеджерское поле: количество и цена с НДС"},{"code":"o_dry_ice_delivery","article":"Расходы на доставку сухого льда в цех","section":"other","unit":"усл","qty_default":0,"price_net_default":1500,"price_vat_default":0,"qty_manager":true,"price_manager":true,"calc_type":"direct","comment":"Менеджерское поле"}]}'::jsonb);

INSERT INTO products(product_id,row_order,sku,name,price_vat,price_net,city_params,comment) VALUES
('MINI-3.0-P10-F2500',1,'MINI-3.0-P10-F2500','Криобластер MINI 3.0 (P10), 30 кг/ч, 2500 л/мин, MINI-II',203740,167000,'{"Казань":{"mr":33400.0,"pr":16700.0,"st":0.565},"Москва":{"mr":33400.0,"pr":16700.0,"st":0.465}}'::jsonb,'Демо-товар'),
('BASIC-2.0-P10-PLa-F3500',2,'BASIC-2.0-P10-PLa-F3500','Криобластер BASIC 2.0 (P10/PLa), 0-60 кг/ч, 3500 л/мин',1169980,959000,'{"Казань":{"mr":191800.0,"pr":95900.0,"st":0.565},"Москва":{"mr":191800.0,"pr":95900.0,"st":0.465}}'::jsonb,'Демо-товар'),
('ONE-2.0-P12-PLa-F3500',3,'ONE-2.0-P12-PLa-F3500','Криобластер ONE 2.0 (P12/PLa), 0-150 кг/ч, 3500 л/мин',1886120,1546000,'{"Казань":{"mr":309200.0,"pr":154600.0,"st":0.565},"Москва":{"mr":309200.0,"pr":154600.0,"st":0.465}}'::jsonb,'Демо-товар'),
('TR-2.0-MAX-P12-PLa-F3500-PRO-II',4,'TR-2.0-MAX-P12-PLa-F3500-PRO-II','Криобластер TRANSFORMER 2.0 MAX (P12/PLa), 0-150 кг/ч, 3500 л/мин',2166720,1776000,'{"Казань":{"mr":355200.0,"pr":177600.0,"st":0.565},"Москва":{"mr":355200.0,"pr":177600.0,"st":0.465}}'::jsonb,'Демо-товар'),
('NZ-LV-5000',5,'NZ-LV-5000','Сопло агрессивное NZ-LV-5000',92720,76000,'{"Казань":{"mr":15200.0,"pr":7600.0,"st":0.565},"Москва":{"mr":15200.0,"pr":7600.0,"st":0.465}}'::jsonb,'Демо-товар');

INSERT INTO actions(action_id,action_type,manager_login,sequence_no,action_date,client,city,model,task_description,comment,payload,is_director_confirmed,confirmed_amount,director_comment) VALUES
('RUSLAN-10','Проведенная демонстрация','ruslan',10,'2026-04-01','Центр Транс Техмаш','Казань','TRANSFORMER 2.0 MAX','Демо-задача очистки оборудования','Демо-данные','{"demo_meta":{"demo_hours":2}}'::jsonb,TRUE,1656.26,''),
('RUSLAN-20','Проданное оборудование','ruslan',20,'2026-04-04','Центр Транс Техмаш','Казань','TRANSFORMER 2.0 MAX','Демо-задача очистки оборудования','Демо-данные','{}'::jsonb,TRUE,108367,''),
('RUSLAN-30','Проведенная демонстрация','ruslan',30,'2026-04-07','Центр Транс Техмаш','Казань','TRANSFORMER 2.0 MAX','Демо-задача очистки оборудования','Демо-данные','{"demo_meta":{"demo_hours":6}}'::jsonb,TRUE,40026.82,''),
('RUSLAN-40','Проданное оборудование','ruslan',40,'2026-04-10','Центр Транс Техмаш','Казань','TRANSFORMER 2.0 MAX','Демо-задача очистки оборудования','Демо-данные','{}'::jsonb,TRUE,200688,''),
('RUSLAN-50','Выплата премии','ruslan',50,'2026-04-13','Центр Транс Техмаш','Казань','TRANSFORMER 2.0 MAX','Демо-задача очистки оборудования','Демо-данные','{}'::jsonb,TRUE,267371.92,'Период закрыт демо-данными'),
('RUSLAN-60','Проведенная демонстрация','ruslan',60,'2026-04-16','Центр Транс Техмаш','Казань','TRANSFORMER 2.0 MAX','Демо-задача очистки оборудования','Демо-данные','{"demo_meta":{"demo_hours":4}}'::jsonb,FALSE,27185.08,''),
('TIMUR-10','Проведенная демонстрация','timur',10,'2026-04-02','Полипластик','Казань','ONE 2.0','Демо-задача очистки оборудования','Демо-данные','{"demo_meta":{"demo_hours":2}}'::jsonb,TRUE,1656.26,''),
('TIMUR-20','Проданное оборудование','timur',20,'2026-04-05','Полипластик','Казань','ONE 2.0','Демо-задача очистки оборудования','Демо-данные','{}'::jsonb,TRUE,174698,''),
('TIMUR-30','Проведенная демонстрация','timur',30,'2026-04-08','Полипластик','Казань','ONE 2.0','Демо-задача очистки оборудования','Демо-данные','{"demo_meta":{"demo_hours":6}}'::jsonb,TRUE,40026.82,''),
('TIMUR-40','Выплата премии','timur',40,'2026-04-11','Полипластик','Казань','ONE 2.0','Демо-задача очистки оборудования','Демо-данные','{}'::jsonb,TRUE,133014.92,'Период закрыт демо-данными'),
('MARIA-10','Проведенная демонстрация','maria',10,'2026-04-03','Московская кондитерская фабрика','Москва','MINI 3.0','Демо-задача очистки оборудования','Демо-данные','{"demo_meta":{"demo_hours":2}}'::jsonb,TRUE,1965.43,''),
('MARIA-20','Проданное оборудование','maria',20,'2026-04-06','Московская кондитерская фабрика','Москва','MINI 3.0','Демо-задача очистки оборудования','Демо-данные','{}'::jsonb,TRUE,165168,''),
('MARIA-30','Проведенная демонстрация','maria',30,'2026-04-09','Московская кондитерская фабрика','Москва','MINI 3.0','Демо-задача очистки оборудования','Демо-данные','{"demo_meta":{"demo_hours":6}}'::jsonb,TRUE,47190.66,''),
('MARIA-40','Проданное оборудование','maria',40,'2026-04-12','Московская кондитерская фабрика','Москва','MINI 3.0','Демо-задача очистки оборудования','Демо-данные','{}'::jsonb,TRUE,15531,''),
('MARIA-50','Выплата премии','maria',50,'2026-04-15','Московская кондитерская фабрика','Москва','MINI 3.0','Демо-задача очистки оборудования','Демо-данные','{}'::jsonb,TRUE,131542.91,'Период закрыт демо-данными'),
('MARIA-60','Проведенная демонстрация','maria',60,'2026-04-18','Московская кондитерская фабрика','Москва','MINI 3.0','Демо-задача очистки оборудования','Демо-данные','{"demo_meta":{"demo_hours":4}}'::jsonb,FALSE,31582.95,''),
('MARIA-70','Проведенная демонстрация','maria',70,'2026-04-21','Московская кондитерская фабрика','Москва','MINI 3.0','Демо-задача очистки оборудования','Демо-данные','{"demo_meta":{"demo_hours":6}}'::jsonb,FALSE,3014.62,''),
('MARIA-80','Выплата премии','maria',80,'2026-04-24','Московская кондитерская фабрика','Москва','MINI 3.0','Демо-задача очистки оборудования','Демо-данные','{}'::jsonb,FALSE,0,''),
('ILDAR-10','Проведенная демонстрация','ildar',10,'2026-04-04','МосТехСервис','Москва','BASIC 2.0','Демо-задача очистки оборудования','Демо-данные','{"demo_meta":{"demo_hours":2}}'::jsonb,TRUE,1965.43,''),
('ILDAR-20','Проданное оборудование','ildar',20,'2026-04-07','МосТехСервис','Москва','BASIC 2.0','Демо-задача очистки оборудования','Демо-данные','{}'::jsonb,TRUE,7068,''),
('ILDAR-30','Проведенная демонстрация','ildar',30,'2026-04-10','МосТехСервис','Москва','BASIC 2.0','Демо-задача очистки оборудования','Демо-данные','{"demo_meta":{"demo_hours":6}}'::jsonb,TRUE,47190.66,''),
('ILDAR-40','Проданное оборудование','ildar',40,'2026-04-13','МосТехСервис','Москва','BASIC 2.0','Демо-задача очистки оборудования','Демо-данные','{}'::jsonb,TRUE,89187,''),
('ILDAR-50','Выплата премии','ildar',50,'2026-04-16','МосТехСервис','Москва','BASIC 2.0','Демо-задача очистки оборудования','Демо-данные','{}'::jsonb,TRUE,47098.91,'Период закрыт демо-данными'),
('ILDAR-60','Проведенная демонстрация','ildar',60,'2026-04-19','МосТехСервис','Москва','BASIC 2.0','Демо-задача очистки оборудования','Демо-данные','{"demo_meta":{"demo_hours":4}}'::jsonb,FALSE,31582.95,''),
('ILDAR-70','Проведенная демонстрация','ildar',70,'2026-04-22','МосТехСервис','Москва','BASIC 2.0','Демо-задача очистки оборудования','Демо-данные','{"demo_meta":{"demo_hours":6}}'::jsonb,FALSE,3014.62,''),
('ILDAR-80','Проведенная демонстрация','ildar',80,'2026-04-25','МосТехСервис','Москва','BASIC 2.0','Демо-задача очистки оборудования','Демо-данные','{"demo_meta":{"demo_hours":8}}'::jsonb,FALSE,25872.15,'');

INSERT INTO demo_expenses(action_id,row_order,row_code,article,qty,unit,price_net,price_vat,amount_vat,calc_type,is_custom,comment) VALUES
('RUSLAN-10',1,'d_driver_km','Работа водителя за километраж по маячку А5/А6',120,'км',15,0,2336.17,'office_driver_km',FALSE,'Количество вводит менеджер; ставка NET на руки подставляется по офису менеджера; НПД считается через 0.94'),
('RUSLAN-10',2,'d_demo_work','Работа демонстратора*',4,'часы',1350,0,7008.51,'demo_work_total',FALSE,'Количество = время на мед./тех. осмотр + время работы демонстратором; НПД считается через 0.94'),
('RUSLAN-10',3,'d_night_compensation','Компенсация за ночевку и другие согласованные расходы',0,'руб. на руки',0,0,0,'npd_cash_input',FALSE,'Менеджер вводит сумму на руки; НПД считается через 0.94'),
('RUSLAN-10',4,'d_cryoblaster','Демонстрация криобластера',1,'усл',4000,0,5191.49,'office_cryoblaster',FALSE,'Количество вводит менеджер; ставка NET на руки подставляется по офису менеджера; НПД считается через 0.94'),
('RUSLAN-10',5,'d_hard_conditions','Усложненные условия труда',0,'усл',1700,0,0,'npd_direct',FALSE,'Жара/холод/дождь/снег/противогаз/грязная или шумная среда/улица/сложный допуск, если указано в акте'),
('RUSLAN-10',6,'d_electric_compressor','Работа с электрическим компрессором в фанере',0,'усл',3500,0,0,'npd_direct',FALSE,'Административная ставка; количество вводит менеджер'),
('RUSLAN-10',7,'d_electro_reel','Использование электрокатушки',1,'усл',1000,0,1297.87,'npd_direct',FALSE,'Менеджер может менять количество и ставку NET на руки'),
('RUSLAN-10',8,'d_load_unload','Выгрузка и загрузка компрессора и электрокатушки',0,'усл',2000,0,0,'npd_direct',FALSE,'Снятие/монтаж ремней, подготовка к перемещению, перемещение на колесах/платформе или с механизацией'),
('RUSLAN-10',9,'o_transport_fixed','Расходы на перевозку чужим транспортом (туда-обратно)',0,'усл',2800,3416,0,'direct',FALSE,'Менеджерское поле'),
('RUSLAN-10',10,'o_transport_km','Расходы на перевозку чужим транспортом (туда-обратно)',0,'км',41,50.02,0,'direct',FALSE,'Менеджерское поле по километражу стороннего транспорта'),
('RUSLAN-10',11,'o_hotel_manager','Расходы на отель Менеджера',0,'день х чел',2800,3416,0,'direct',FALSE,'Менеджерское поле'),
('RUSLAN-10',12,'o_hotel_driver','Расходы на отель Водителя',0,'день х чел',2800,3416,0,'direct',FALSE,'Менеджерское поле'),
('RUSLAN-10',13,'o_manager_travel','Расходы на переезд менеджера',0,'усл',3000,3660,0,'direct',FALSE,'Менеджерское поле'),
('RUSLAN-10',14,'o_toll','Расходы на платную дорогу (туда-обратно) по транспондеру',0,'усл',0,0,0,'cash_amount_vat',FALSE,'Менеджер вводит сумму платежа; сумма попадает в расходы с НДС как в Excel'),
('RUSLAN-10',15,'o_per_diem','Суточные по командировки (при ночевке)',1,'день х чел',1500,1830,1830,'direct',FALSE,'Количество вводит менеджер; ставка административная'),
('RUSLAN-10',16,'o_diesel','Расходы на дизель (15 л/100км), л',18,'литры',59.02,72,1296,'diesel',FALSE,'Количество = километраж / 100 × 15; цена с НДС вводится менеджером'),
('RUSLAN-10',17,'o_gazelle_amort','Амортизация Газели и ТО',1,'усл',18000,21960,21960,'office_gazelle_amort_total',FALSE,'Административная ставка подставляется по офису менеджера'),
('RUSLAN-10',18,'o_dry_ice_purchase','Расходы на закупку сухого льда',30,'кг',90.16,110,3300,'direct_vat_price',FALSE,'Менеджерское поле: количество и цена с НДС'),
('RUSLAN-10',19,'o_dry_ice_delivery','Расходы на доставку сухого льда в цех',0,'усл',1500,1830,0,'direct',FALSE,'Менеджерское поле'),
('RUSLAN-30',1,'d_driver_km','Работа водителя за километраж по маячку А5/А6',520,'км',15,0,10123.4,'office_driver_km',FALSE,'Количество вводит менеджер; ставка NET на руки подставляется по офису менеджера; НПД считается через 0.94'),
('RUSLAN-30',2,'d_demo_work','Работа демонстратора*',8,'часы',1350,0,14017.02,'demo_work_total',FALSE,'Количество = время на мед./тех. осмотр + время работы демонстратором; НПД считается через 0.94'),
('RUSLAN-30',3,'d_night_compensation','Компенсация за ночевку и другие согласованные расходы',0,'руб. на руки',0,0,0,'npd_cash_input',FALSE,'Менеджер вводит сумму на руки; НПД считается через 0.94'),
('RUSLAN-30',4,'d_cryoblaster','Демонстрация криобластера',2,'усл',4000,0,10382.98,'office_cryoblaster',FALSE,'Количество вводит менеджер; ставка NET на руки подставляется по офису менеджера; НПД считается через 0.94'),
('RUSLAN-30',5,'d_hard_conditions','Усложненные условия труда',0,'усл',1700,0,0,'npd_direct',FALSE,'Жара/холод/дождь/снег/противогаз/грязная или шумная среда/улица/сложный допуск, если указано в акте'),
('RUSLAN-30',6,'d_electric_compressor','Работа с электрическим компрессором в фанере',0,'усл',3500,0,0,'npd_direct',FALSE,'Административная ставка; количество вводит менеджер'),
('RUSLAN-30',7,'d_electro_reel','Использование электрокатушки',1,'усл',1000,0,1297.87,'npd_direct',FALSE,'Менеджер может менять количество и ставку NET на руки'),
('RUSLAN-30',8,'d_load_unload','Выгрузка и загрузка компрессора и электрокатушки',0,'усл',2000,0,0,'npd_direct',FALSE,'Снятие/монтаж ремней, подготовка к перемещению, перемещение на колесах/платформе или с механизацией'),
('RUSLAN-30',9,'o_transport_fixed','Расходы на перевозку чужим транспортом (туда-обратно)',0,'усл',2800,3416,0,'direct',FALSE,'Менеджерское поле'),
('RUSLAN-30',10,'o_transport_km','Расходы на перевозку чужим транспортом (туда-обратно)',0,'км',41,50.02,0,'direct',FALSE,'Менеджерское поле по километражу стороннего транспорта'),
('RUSLAN-30',11,'o_hotel_manager','Расходы на отель Менеджера',0,'день х чел',2800,3416,0,'direct',FALSE,'Менеджерское поле'),
('RUSLAN-30',12,'o_hotel_driver','Расходы на отель Водителя',0,'день х чел',2800,3416,0,'direct',FALSE,'Менеджерское поле'),
('RUSLAN-30',13,'o_manager_travel','Расходы на переезд менеджера',0,'усл',3000,3660,0,'direct',FALSE,'Менеджерское поле'),
('RUSLAN-30',14,'o_toll','Расходы на платную дорогу (туда-обратно) по транспондеру',0,'усл',0,0,0,'cash_amount_vat',FALSE,'Менеджер вводит сумму платежа; сумма попадает в расходы с НДС как в Excel'),
('RUSLAN-30',15,'o_per_diem','Суточные по командировки (при ночевке)',1,'день х чел',1500,1830,1830,'direct',FALSE,'Количество вводит менеджер; ставка административная'),
('RUSLAN-30',16,'o_diesel','Расходы на дизель (15 л/100км), л',78,'литры',59.02,72,5616,'diesel',FALSE,'Количество = километраж / 100 × 15; цена с НДС вводится менеджером'),
('RUSLAN-30',17,'o_gazelle_amort','Амортизация Газели и ТО',1,'усл',18000,21960,21960,'office_gazelle_amort_total',FALSE,'Административная ставка подставляется по офису менеджера'),
('RUSLAN-30',18,'o_dry_ice_purchase','Расходы на закупку сухого льда',90,'кг',90.16,110,9900,'direct_vat_price',FALSE,'Менеджерское поле: количество и цена с НДС'),
('RUSLAN-30',19,'o_dry_ice_delivery','Расходы на доставку сухого льда в цех',0,'усл',1500,1830,0,'direct',FALSE,'Менеджерское поле'),
('RUSLAN-60',1,'d_driver_km','Работа водителя за километраж по маячку А5/А6',120,'км',15,0,2336.17,'office_driver_km',FALSE,'Количество вводит менеджер; ставка NET на руки подставляется по офису менеджера; НПД считается через 0.94'),
('RUSLAN-60',2,'d_demo_work','Работа демонстратора*',6,'часы',1350,0,10512.77,'demo_work_total',FALSE,'Количество = время на мед./тех. осмотр + время работы демонстратором; НПД считается через 0.94'),
('RUSLAN-60',3,'d_night_compensation','Компенсация за ночевку и другие согласованные расходы',0,'руб. на руки',0,0,0,'npd_cash_input',FALSE,'Менеджер вводит сумму на руки; НПД считается через 0.94'),
('RUSLAN-60',4,'d_cryoblaster','Демонстрация криобластера',1,'усл',4000,0,5191.49,'office_cryoblaster',FALSE,'Количество вводит менеджер; ставка NET на руки подставляется по офису менеджера; НПД считается через 0.94'),
('RUSLAN-60',5,'d_hard_conditions','Усложненные условия труда',0,'усл',1700,0,0,'npd_direct',FALSE,'Жара/холод/дождь/снег/противогаз/грязная или шумная среда/улица/сложный допуск, если указано в акте'),
('RUSLAN-60',6,'d_electric_compressor','Работа с электрическим компрессором в фанере',0,'усл',3500,0,0,'npd_direct',FALSE,'Административная ставка; количество вводит менеджер'),
('RUSLAN-60',7,'d_electro_reel','Использование электрокатушки',1,'усл',1000,0,1297.87,'npd_direct',FALSE,'Менеджер может менять количество и ставку NET на руки'),
('RUSLAN-60',8,'d_load_unload','Выгрузка и загрузка компрессора и электрокатушки',0,'усл',2000,0,0,'npd_direct',FALSE,'Снятие/монтаж ремней, подготовка к перемещению, перемещение на колесах/платформе или с механизацией'),
('RUSLAN-60',9,'o_transport_fixed','Расходы на перевозку чужим транспортом (туда-обратно)',0,'усл',2800,3416,0,'direct',FALSE,'Менеджерское поле'),
('RUSLAN-60',10,'o_transport_km','Расходы на перевозку чужим транспортом (туда-обратно)',0,'км',41,50.02,0,'direct',FALSE,'Менеджерское поле по километражу стороннего транспорта'),
('RUSLAN-60',11,'o_hotel_manager','Расходы на отель Менеджера',0,'день х чел',2800,3416,0,'direct',FALSE,'Менеджерское поле'),
('RUSLAN-60',12,'o_hotel_driver','Расходы на отель Водителя',0,'день х чел',2800,3416,0,'direct',FALSE,'Менеджерское поле'),
('RUSLAN-60',13,'o_manager_travel','Расходы на переезд менеджера',0,'усл',3000,3660,0,'direct',FALSE,'Менеджерское поле'),
('RUSLAN-60',14,'o_toll','Расходы на платную дорогу (туда-обратно) по транспондеру',0,'усл',0,0,0,'cash_amount_vat',FALSE,'Менеджер вводит сумму платежа; сумма попадает в расходы с НДС как в Excel'),
('RUSLAN-60',15,'o_per_diem','Суточные по командировки (при ночевке)',1,'день х чел',1500,1830,1830,'direct',FALSE,'Количество вводит менеджер; ставка административная'),
('RUSLAN-60',16,'o_diesel','Расходы на дизель (15 л/100км), л',18,'литры',59.02,72,1296,'diesel',FALSE,'Количество = километраж / 100 × 15; цена с НДС вводится менеджером'),
('RUSLAN-60',17,'o_gazelle_amort','Амортизация Газели и ТО',1,'усл',18000,21960,21960,'office_gazelle_amort_total',FALSE,'Административная ставка подставляется по офису менеджера'),
('RUSLAN-60',18,'o_dry_ice_purchase','Расходы на закупку сухого льда',60,'кг',90.16,110,6600,'direct_vat_price',FALSE,'Менеджерское поле: количество и цена с НДС'),
('RUSLAN-60',19,'o_dry_ice_delivery','Расходы на доставку сухого льда в цех',0,'усл',1500,1830,0,'direct',FALSE,'Менеджерское поле'),
('TIMUR-10',1,'d_driver_km','Работа водителя за километраж по маячку А5/А6',120,'км',15,0,2336.17,'office_driver_km',FALSE,'Количество вводит менеджер; ставка NET на руки подставляется по офису менеджера; НПД считается через 0.94'),
('TIMUR-10',2,'d_demo_work','Работа демонстратора*',4,'часы',1350,0,7008.51,'demo_work_total',FALSE,'Количество = время на мед./тех. осмотр + время работы демонстратором; НПД считается через 0.94'),
('TIMUR-10',3,'d_night_compensation','Компенсация за ночевку и другие согласованные расходы',0,'руб. на руки',0,0,0,'npd_cash_input',FALSE,'Менеджер вводит сумму на руки; НПД считается через 0.94'),
('TIMUR-10',4,'d_cryoblaster','Демонстрация криобластера',1,'усл',4000,0,5191.49,'office_cryoblaster',FALSE,'Количество вводит менеджер; ставка NET на руки подставляется по офису менеджера; НПД считается через 0.94'),
('TIMUR-10',5,'d_hard_conditions','Усложненные условия труда',0,'усл',1700,0,0,'npd_direct',FALSE,'Жара/холод/дождь/снег/противогаз/грязная или шумная среда/улица/сложный допуск, если указано в акте'),
('TIMUR-10',6,'d_electric_compressor','Работа с электрическим компрессором в фанере',0,'усл',3500,0,0,'npd_direct',FALSE,'Административная ставка; количество вводит менеджер'),
('TIMUR-10',7,'d_electro_reel','Использование электрокатушки',1,'усл',1000,0,1297.87,'npd_direct',FALSE,'Менеджер может менять количество и ставку NET на руки'),
('TIMUR-10',8,'d_load_unload','Выгрузка и загрузка компрессора и электрокатушки',0,'усл',2000,0,0,'npd_direct',FALSE,'Снятие/монтаж ремней, подготовка к перемещению, перемещение на колесах/платформе или с механизацией'),
('TIMUR-10',9,'o_transport_fixed','Расходы на перевозку чужим транспортом (туда-обратно)',0,'усл',2800,3416,0,'direct',FALSE,'Менеджерское поле'),
('TIMUR-10',10,'o_transport_km','Расходы на перевозку чужим транспортом (туда-обратно)',0,'км',41,50.02,0,'direct',FALSE,'Менеджерское поле по километражу стороннего транспорта'),
('TIMUR-10',11,'o_hotel_manager','Расходы на отель Менеджера',0,'день х чел',2800,3416,0,'direct',FALSE,'Менеджерское поле'),
('TIMUR-10',12,'o_hotel_driver','Расходы на отель Водителя',0,'день х чел',2800,3416,0,'direct',FALSE,'Менеджерское поле'),
('TIMUR-10',13,'o_manager_travel','Расходы на переезд менеджера',0,'усл',3000,3660,0,'direct',FALSE,'Менеджерское поле'),
('TIMUR-10',14,'o_toll','Расходы на платную дорогу (туда-обратно) по транспондеру',0,'усл',0,0,0,'cash_amount_vat',FALSE,'Менеджер вводит сумму платежа; сумма попадает в расходы с НДС как в Excel'),
('TIMUR-10',15,'o_per_diem','Суточные по командировки (при ночевке)',1,'день х чел',1500,1830,1830,'direct',FALSE,'Количество вводит менеджер; ставка административная'),
('TIMUR-10',16,'o_diesel','Расходы на дизель (15 л/100км), л',18,'литры',59.02,72,1296,'diesel',FALSE,'Количество = километраж / 100 × 15; цена с НДС вводится менеджером'),
('TIMUR-10',17,'o_gazelle_amort','Амортизация Газели и ТО',1,'усл',18000,21960,21960,'office_gazelle_amort_total',FALSE,'Административная ставка подставляется по офису менеджера'),
('TIMUR-10',18,'o_dry_ice_purchase','Расходы на закупку сухого льда',30,'кг',90.16,110,3300,'direct_vat_price',FALSE,'Менеджерское поле: количество и цена с НДС'),
('TIMUR-10',19,'o_dry_ice_delivery','Расходы на доставку сухого льда в цех',0,'усл',1500,1830,0,'direct',FALSE,'Менеджерское поле'),
('TIMUR-30',1,'d_driver_km','Работа водителя за километраж по маячку А5/А6',520,'км',15,0,10123.4,'office_driver_km',FALSE,'Количество вводит менеджер; ставка NET на руки подставляется по офису менеджера; НПД считается через 0.94'),
('TIMUR-30',2,'d_demo_work','Работа демонстратора*',8,'часы',1350,0,14017.02,'demo_work_total',FALSE,'Количество = время на мед./тех. осмотр + время работы демонстратором; НПД считается через 0.94'),
('TIMUR-30',3,'d_night_compensation','Компенсация за ночевку и другие согласованные расходы',0,'руб. на руки',0,0,0,'npd_cash_input',FALSE,'Менеджер вводит сумму на руки; НПД считается через 0.94'),
('TIMUR-30',4,'d_cryoblaster','Демонстрация криобластера',2,'усл',4000,0,10382.98,'office_cryoblaster',FALSE,'Количество вводит менеджер; ставка NET на руки подставляется по офису менеджера; НПД считается через 0.94'),
('TIMUR-30',5,'d_hard_conditions','Усложненные условия труда',0,'усл',1700,0,0,'npd_direct',FALSE,'Жара/холод/дождь/снег/противогаз/грязная или шумная среда/улица/сложный допуск, если указано в акте'),
('TIMUR-30',6,'d_electric_compressor','Работа с электрическим компрессором в фанере',0,'усл',3500,0,0,'npd_direct',FALSE,'Административная ставка; количество вводит менеджер'),
('TIMUR-30',7,'d_electro_reel','Использование электрокатушки',1,'усл',1000,0,1297.87,'npd_direct',FALSE,'Менеджер может менять количество и ставку NET на руки'),
('TIMUR-30',8,'d_load_unload','Выгрузка и загрузка компрессора и электрокатушки',0,'усл',2000,0,0,'npd_direct',FALSE,'Снятие/монтаж ремней, подготовка к перемещению, перемещение на колесах/платформе или с механизацией'),
('TIMUR-30',9,'o_transport_fixed','Расходы на перевозку чужим транспортом (туда-обратно)',0,'усл',2800,3416,0,'direct',FALSE,'Менеджерское поле'),
('TIMUR-30',10,'o_transport_km','Расходы на перевозку чужим транспортом (туда-обратно)',0,'км',41,50.02,0,'direct',FALSE,'Менеджерское поле по километражу стороннего транспорта'),
('TIMUR-30',11,'o_hotel_manager','Расходы на отель Менеджера',0,'день х чел',2800,3416,0,'direct',FALSE,'Менеджерское поле'),
('TIMUR-30',12,'o_hotel_driver','Расходы на отель Водителя',0,'день х чел',2800,3416,0,'direct',FALSE,'Менеджерское поле'),
('TIMUR-30',13,'o_manager_travel','Расходы на переезд менеджера',0,'усл',3000,3660,0,'direct',FALSE,'Менеджерское поле'),
('TIMUR-30',14,'o_toll','Расходы на платную дорогу (туда-обратно) по транспондеру',0,'усл',0,0,0,'cash_amount_vat',FALSE,'Менеджер вводит сумму платежа; сумма попадает в расходы с НДС как в Excel'),
('TIMUR-30',15,'o_per_diem','Суточные по командировки (при ночевке)',1,'день х чел',1500,1830,1830,'direct',FALSE,'Количество вводит менеджер; ставка административная'),
('TIMUR-30',16,'o_diesel','Расходы на дизель (15 л/100км), л',78,'литры',59.02,72,5616,'diesel',FALSE,'Количество = километраж / 100 × 15; цена с НДС вводится менеджером'),
('TIMUR-30',17,'o_gazelle_amort','Амортизация Газели и ТО',1,'усл',18000,21960,21960,'office_gazelle_amort_total',FALSE,'Административная ставка подставляется по офису менеджера'),
('TIMUR-30',18,'o_dry_ice_purchase','Расходы на закупку сухого льда',90,'кг',90.16,110,9900,'direct_vat_price',FALSE,'Менеджерское поле: количество и цена с НДС'),
('TIMUR-30',19,'o_dry_ice_delivery','Расходы на доставку сухого льда в цех',0,'усл',1500,1830,0,'direct',FALSE,'Менеджерское поле'),
('MARIA-10',1,'d_driver_km','Работа водителя за километраж по маячку А5/А6',120,'км',20,0,3114.89,'office_driver_km',FALSE,'Количество вводит менеджер; ставка NET на руки подставляется по офису менеджера; НПД считается через 0.94'),
('MARIA-10',2,'d_demo_work','Работа демонстратора*',4,'часы',1350,0,7008.51,'demo_work_total',FALSE,'Количество = время на мед./тех. осмотр + время работы демонстратором; НПД считается через 0.94'),
('MARIA-10',3,'d_night_compensation','Компенсация за ночевку и другие согласованные расходы',0,'руб. на руки',0,0,0,'npd_cash_input',FALSE,'Менеджер вводит сумму на руки; НПД считается через 0.94'),
('MARIA-10',4,'d_cryoblaster','Демонстрация криобластера',1,'усл',6000,0,7787.23,'office_cryoblaster',FALSE,'Количество вводит менеджер; ставка NET на руки подставляется по офису менеджера; НПД считается через 0.94'),
('MARIA-10',5,'d_hard_conditions','Усложненные условия труда',0,'усл',1700,0,0,'npd_direct',FALSE,'Жара/холод/дождь/снег/противогаз/грязная или шумная среда/улица/сложный допуск, если указано в акте'),
('MARIA-10',6,'d_electric_compressor','Работа с электрическим компрессором в фанере',0,'усл',3500,0,0,'npd_direct',FALSE,'Административная ставка; количество вводит менеджер'),
('MARIA-10',7,'d_electro_reel','Использование электрокатушки',1,'усл',1000,0,1297.87,'npd_direct',FALSE,'Менеджер может менять количество и ставку NET на руки'),
('MARIA-10',8,'d_load_unload','Выгрузка и загрузка компрессора и электрокатушки',0,'усл',2000,0,0,'npd_direct',FALSE,'Снятие/монтаж ремней, подготовка к перемещению, перемещение на колесах/платформе или с механизацией'),
('MARIA-10',9,'o_transport_fixed','Расходы на перевозку чужим транспортом (туда-обратно)',0,'усл',2800,3416,0,'direct',FALSE,'Менеджерское поле'),
('MARIA-10',10,'o_transport_km','Расходы на перевозку чужим транспортом (туда-обратно)',0,'км',41,50.02,0,'direct',FALSE,'Менеджерское поле по километражу стороннего транспорта'),
('MARIA-10',11,'o_hotel_manager','Расходы на отель Менеджера',0,'день х чел',2800,3416,0,'direct',FALSE,'Менеджерское поле'),
('MARIA-10',12,'o_hotel_driver','Расходы на отель Водителя',0,'день х чел',2800,3416,0,'direct',FALSE,'Менеджерское поле'),
('MARIA-10',13,'o_manager_travel','Расходы на переезд менеджера',0,'усл',3000,3660,0,'direct',FALSE,'Менеджерское поле'),
('MARIA-10',14,'o_toll','Расходы на платную дорогу (туда-обратно) по транспондеру',0,'усл',0,0,0,'cash_amount_vat',FALSE,'Менеджер вводит сумму платежа; сумма попадает в расходы с НДС как в Excel'),
('MARIA-10',15,'o_per_diem','Суточные по командировки (при ночевке)',1,'день х чел',1500,1830,1830,'direct',FALSE,'Количество вводит менеджер; ставка административная'),
('MARIA-10',16,'o_diesel','Расходы на дизель (15 л/100км), л',18,'литры',59.02,72,1296,'diesel',FALSE,'Количество = километраж / 100 × 15; цена с НДС вводится менеджером'),
('MARIA-10',17,'o_gazelle_amort','Амортизация Газели и ТО',1,'усл',22000,26840,26840,'office_gazelle_amort_total',FALSE,'Административная ставка подставляется по офису менеджера'),
('MARIA-10',18,'o_dry_ice_purchase','Расходы на закупку сухого льда',30,'кг',90.16,110,3300,'direct_vat_price',FALSE,'Менеджерское поле: количество и цена с НДС'),
('MARIA-10',19,'o_dry_ice_delivery','Расходы на доставку сухого льда в цех',0,'усл',1500,1830,0,'direct',FALSE,'Менеджерское поле'),
('MARIA-30',1,'d_driver_km','Работа водителя за километраж по маячку А5/А6',520,'км',20,0,13497.87,'office_driver_km',FALSE,'Количество вводит менеджер; ставка NET на руки подставляется по офису менеджера; НПД считается через 0.94'),
('MARIA-30',2,'d_demo_work','Работа демонстратора*',8,'часы',1350,0,14017.02,'demo_work_total',FALSE,'Количество = время на мед./тех. осмотр + время работы демонстратором; НПД считается через 0.94'),
('MARIA-30',3,'d_night_compensation','Компенсация за ночевку и другие согласованные расходы',0,'руб. на руки',0,0,0,'npd_cash_input',FALSE,'Менеджер вводит сумму на руки; НПД считается через 0.94'),
('MARIA-30',4,'d_cryoblaster','Демонстрация криобластера',2,'усл',6000,0,15574.47,'office_cryoblaster',FALSE,'Количество вводит менеджер; ставка NET на руки подставляется по офису менеджера; НПД считается через 0.94'),
('MARIA-30',5,'d_hard_conditions','Усложненные условия труда',0,'усл',1700,0,0,'npd_direct',FALSE,'Жара/холод/дождь/снег/противогаз/грязная или шумная среда/улица/сложный допуск, если указано в акте'),
('MARIA-30',6,'d_electric_compressor','Работа с электрическим компрессором в фанере',0,'усл',3500,0,0,'npd_direct',FALSE,'Административная ставка; количество вводит менеджер'),
('MARIA-30',7,'d_electro_reel','Использование электрокатушки',1,'усл',1000,0,1297.87,'npd_direct',FALSE,'Менеджер может менять количество и ставку NET на руки'),
('MARIA-30',8,'d_load_unload','Выгрузка и загрузка компрессора и электрокатушки',0,'усл',2000,0,0,'npd_direct',FALSE,'Снятие/монтаж ремней, подготовка к перемещению, перемещение на колесах/платформе или с механизацией'),
('MARIA-30',9,'o_transport_fixed','Расходы на перевозку чужим транспортом (туда-обратно)',0,'усл',2800,3416,0,'direct',FALSE,'Менеджерское поле'),
('MARIA-30',10,'o_transport_km','Расходы на перевозку чужим транспортом (туда-обратно)',0,'км',41,50.02,0,'direct',FALSE,'Менеджерское поле по километражу стороннего транспорта'),
('MARIA-30',11,'o_hotel_manager','Расходы на отель Менеджера',0,'день х чел',2800,3416,0,'direct',FALSE,'Менеджерское поле'),
('MARIA-30',12,'o_hotel_driver','Расходы на отель Водителя',0,'день х чел',2800,3416,0,'direct',FALSE,'Менеджерское поле'),
('MARIA-30',13,'o_manager_travel','Расходы на переезд менеджера',0,'усл',3000,3660,0,'direct',FALSE,'Менеджерское поле'),
('MARIA-30',14,'o_toll','Расходы на платную дорогу (туда-обратно) по транспондеру',0,'усл',0,0,0,'cash_amount_vat',FALSE,'Менеджер вводит сумму платежа; сумма попадает в расходы с НДС как в Excel'),
('MARIA-30',15,'o_per_diem','Суточные по командировки (при ночевке)',1,'день х чел',1500,1830,1830,'direct',FALSE,'Количество вводит менеджер; ставка административная'),
('MARIA-30',16,'o_diesel','Расходы на дизель (15 л/100км), л',78,'литры',59.02,72,5616,'diesel',FALSE,'Количество = километраж / 100 × 15; цена с НДС вводится менеджером'),
('MARIA-30',17,'o_gazelle_amort','Амортизация Газели и ТО',1,'усл',22000,26840,26840,'office_gazelle_amort_total',FALSE,'Административная ставка подставляется по офису менеджера'),
('MARIA-30',18,'o_dry_ice_purchase','Расходы на закупку сухого льда',90,'кг',90.16,110,9900,'direct_vat_price',FALSE,'Менеджерское поле: количество и цена с НДС'),
('MARIA-30',19,'o_dry_ice_delivery','Расходы на доставку сухого льда в цех',0,'усл',1500,1830,0,'direct',FALSE,'Менеджерское поле'),
('MARIA-60',1,'d_driver_km','Работа водителя за километраж по маячку А5/А6',120,'км',20,0,3114.89,'office_driver_km',FALSE,'Количество вводит менеджер; ставка NET на руки подставляется по офису менеджера; НПД считается через 0.94'),
('MARIA-60',2,'d_demo_work','Работа демонстратора*',6,'часы',1350,0,10512.77,'demo_work_total',FALSE,'Количество = время на мед./тех. осмотр + время работы демонстратором; НПД считается через 0.94'),
('MARIA-60',3,'d_night_compensation','Компенсация за ночевку и другие согласованные расходы',0,'руб. на руки',0,0,0,'npd_cash_input',FALSE,'Менеджер вводит сумму на руки; НПД считается через 0.94'),
('MARIA-60',4,'d_cryoblaster','Демонстрация криобластера',1,'усл',6000,0,7787.23,'office_cryoblaster',FALSE,'Количество вводит менеджер; ставка NET на руки подставляется по офису менеджера; НПД считается через 0.94'),
('MARIA-60',5,'d_hard_conditions','Усложненные условия труда',0,'усл',1700,0,0,'npd_direct',FALSE,'Жара/холод/дождь/снег/противогаз/грязная или шумная среда/улица/сложный допуск, если указано в акте'),
('MARIA-60',6,'d_electric_compressor','Работа с электрическим компрессором в фанере',0,'усл',3500,0,0,'npd_direct',FALSE,'Административная ставка; количество вводит менеджер'),
('MARIA-60',7,'d_electro_reel','Использование электрокатушки',1,'усл',1000,0,1297.87,'npd_direct',FALSE,'Менеджер может менять количество и ставку NET на руки'),
('MARIA-60',8,'d_load_unload','Выгрузка и загрузка компрессора и электрокатушки',0,'усл',2000,0,0,'npd_direct',FALSE,'Снятие/монтаж ремней, подготовка к перемещению, перемещение на колесах/платформе или с механизацией'),
('MARIA-60',9,'o_transport_fixed','Расходы на перевозку чужим транспортом (туда-обратно)',0,'усл',2800,3416,0,'direct',FALSE,'Менеджерское поле'),
('MARIA-60',10,'o_transport_km','Расходы на перевозку чужим транспортом (туда-обратно)',0,'км',41,50.02,0,'direct',FALSE,'Менеджерское поле по километражу стороннего транспорта'),
('MARIA-60',11,'o_hotel_manager','Расходы на отель Менеджера',0,'день х чел',2800,3416,0,'direct',FALSE,'Менеджерское поле'),
('MARIA-60',12,'o_hotel_driver','Расходы на отель Водителя',0,'день х чел',2800,3416,0,'direct',FALSE,'Менеджерское поле'),
('MARIA-60',13,'o_manager_travel','Расходы на переезд менеджера',0,'усл',3000,3660,0,'direct',FALSE,'Менеджерское поле'),
('MARIA-60',14,'o_toll','Расходы на платную дорогу (туда-обратно) по транспондеру',0,'усл',0,0,0,'cash_amount_vat',FALSE,'Менеджер вводит сумму платежа; сумма попадает в расходы с НДС как в Excel'),
('MARIA-60',15,'o_per_diem','Суточные по командировки (при ночевке)',1,'день х чел',1500,1830,1830,'direct',FALSE,'Количество вводит менеджер; ставка административная'),
('MARIA-60',16,'o_diesel','Расходы на дизель (15 л/100км), л',18,'литры',59.02,72,1296,'diesel',FALSE,'Количество = километраж / 100 × 15; цена с НДС вводится менеджером'),
('MARIA-60',17,'o_gazelle_amort','Амортизация Газели и ТО',1,'усл',22000,26840,26840,'office_gazelle_amort_total',FALSE,'Административная ставка подставляется по офису менеджера'),
('MARIA-60',18,'o_dry_ice_purchase','Расходы на закупку сухого льда',60,'кг',90.16,110,6600,'direct_vat_price',FALSE,'Менеджерское поле: количество и цена с НДС'),
('MARIA-60',19,'o_dry_ice_delivery','Расходы на доставку сухого льда в цех',0,'усл',1500,1830,0,'direct',FALSE,'Менеджерское поле'),
('MARIA-70',1,'d_driver_km','Работа водителя за километраж по маячку А5/А6',300,'км',20,0,7787.23,'office_driver_km',FALSE,'Количество вводит менеджер; ставка NET на руки подставляется по офису менеджера; НПД считается через 0.94'),
('MARIA-70',2,'d_demo_work','Работа демонстратора*',8,'часы',1350,0,14017.02,'demo_work_total',FALSE,'Количество = время на мед./тех. осмотр + время работы демонстратором; НПД считается через 0.94'),
('MARIA-70',3,'d_night_compensation','Компенсация за ночевку и другие согласованные расходы',0,'руб. на руки',0,0,0,'npd_cash_input',FALSE,'Менеджер вводит сумму на руки; НПД считается через 0.94'),
('MARIA-70',4,'d_cryoblaster','Демонстрация криобластера',2,'усл',6000,0,15574.47,'office_cryoblaster',FALSE,'Количество вводит менеджер; ставка NET на руки подставляется по офису менеджера; НПД считается через 0.94'),
('MARIA-70',5,'d_hard_conditions','Усложненные условия труда',0,'усл',1700,0,0,'npd_direct',FALSE,'Жара/холод/дождь/снег/противогаз/грязная или шумная среда/улица/сложный допуск, если указано в акте'),
('MARIA-70',6,'d_electric_compressor','Работа с электрическим компрессором в фанере',0,'усл',3500,0,0,'npd_direct',FALSE,'Административная ставка; количество вводит менеджер'),
('MARIA-70',7,'d_electro_reel','Использование электрокатушки',1,'усл',1000,0,1297.87,'npd_direct',FALSE,'Менеджер может менять количество и ставку NET на руки'),
('MARIA-70',8,'d_load_unload','Выгрузка и загрузка компрессора и электрокатушки',0,'усл',2000,0,0,'npd_direct',FALSE,'Снятие/монтаж ремней, подготовка к перемещению, перемещение на колесах/платформе или с механизацией'),
('MARIA-70',9,'o_transport_fixed','Расходы на перевозку чужим транспортом (туда-обратно)',0,'усл',2800,3416,0,'direct',FALSE,'Менеджерское поле'),
('MARIA-70',10,'o_transport_km','Расходы на перевозку чужим транспортом (туда-обратно)',0,'км',41,50.02,0,'direct',FALSE,'Менеджерское поле по километражу стороннего транспорта'),
('MARIA-70',11,'o_hotel_manager','Расходы на отель Менеджера',0,'день х чел',2800,3416,0,'direct',FALSE,'Менеджерское поле'),
('MARIA-70',12,'o_hotel_driver','Расходы на отель Водителя',0,'день х чел',2800,3416,0,'direct',FALSE,'Менеджерское поле'),
('MARIA-70',13,'o_manager_travel','Расходы на переезд менеджера',0,'усл',3000,3660,0,'direct',FALSE,'Менеджерское поле'),
('MARIA-70',14,'o_toll','Расходы на платную дорогу (туда-обратно) по транспондеру',0,'усл',0,0,0,'cash_amount_vat',FALSE,'Менеджер вводит сумму платежа; сумма попадает в расходы с НДС как в Excel'),
('MARIA-70',15,'o_per_diem','Суточные по командировки (при ночевке)',1,'день х чел',1500,1830,1830,'direct',FALSE,'Количество вводит менеджер; ставка административная'),
('MARIA-70',16,'o_diesel','Расходы на дизель (15 л/100км), л',45,'литры',59.02,72,3240,'diesel',FALSE,'Количество = километраж / 100 × 15; цена с НДС вводится менеджером'),
('MARIA-70',17,'o_gazelle_amort','Амортизация Газели и ТО',1,'усл',22000,26840,26840,'office_gazelle_amort_total',FALSE,'Административная ставка подставляется по офису менеджера'),
('MARIA-70',18,'o_dry_ice_purchase','Расходы на закупку сухого льда',90,'кг',90.16,110,9900,'direct_vat_price',FALSE,'Менеджерское поле: количество и цена с НДС'),
('MARIA-70',19,'o_dry_ice_delivery','Расходы на доставку сухого льда в цех',0,'усл',1500,1830,0,'direct',FALSE,'Менеджерское поле'),
('ILDAR-10',1,'d_driver_km','Работа водителя за километраж по маячку А5/А6',120,'км',20,0,3114.89,'office_driver_km',FALSE,'Количество вводит менеджер; ставка NET на руки подставляется по офису менеджера; НПД считается через 0.94'),
('ILDAR-10',2,'d_demo_work','Работа демонстратора*',4,'часы',1350,0,7008.51,'demo_work_total',FALSE,'Количество = время на мед./тех. осмотр + время работы демонстратором; НПД считается через 0.94'),
('ILDAR-10',3,'d_night_compensation','Компенсация за ночевку и другие согласованные расходы',0,'руб. на руки',0,0,0,'npd_cash_input',FALSE,'Менеджер вводит сумму на руки; НПД считается через 0.94'),
('ILDAR-10',4,'d_cryoblaster','Демонстрация криобластера',1,'усл',6000,0,7787.23,'office_cryoblaster',FALSE,'Количество вводит менеджер; ставка NET на руки подставляется по офису менеджера; НПД считается через 0.94'),
('ILDAR-10',5,'d_hard_conditions','Усложненные условия труда',0,'усл',1700,0,0,'npd_direct',FALSE,'Жара/холод/дождь/снег/противогаз/грязная или шумная среда/улица/сложный допуск, если указано в акте'),
('ILDAR-10',6,'d_electric_compressor','Работа с электрическим компрессором в фанере',0,'усл',3500,0,0,'npd_direct',FALSE,'Административная ставка; количество вводит менеджер'),
('ILDAR-10',7,'d_electro_reel','Использование электрокатушки',1,'усл',1000,0,1297.87,'npd_direct',FALSE,'Менеджер может менять количество и ставку NET на руки'),
('ILDAR-10',8,'d_load_unload','Выгрузка и загрузка компрессора и электрокатушки',0,'усл',2000,0,0,'npd_direct',FALSE,'Снятие/монтаж ремней, подготовка к перемещению, перемещение на колесах/платформе или с механизацией'),
('ILDAR-10',9,'o_transport_fixed','Расходы на перевозку чужим транспортом (туда-обратно)',0,'усл',2800,3416,0,'direct',FALSE,'Менеджерское поле'),
('ILDAR-10',10,'o_transport_km','Расходы на перевозку чужим транспортом (туда-обратно)',0,'км',41,50.02,0,'direct',FALSE,'Менеджерское поле по километражу стороннего транспорта'),
('ILDAR-10',11,'o_hotel_manager','Расходы на отель Менеджера',0,'день х чел',2800,3416,0,'direct',FALSE,'Менеджерское поле'),
('ILDAR-10',12,'o_hotel_driver','Расходы на отель Водителя',0,'день х чел',2800,3416,0,'direct',FALSE,'Менеджерское поле'),
('ILDAR-10',13,'o_manager_travel','Расходы на переезд менеджера',0,'усл',3000,3660,0,'direct',FALSE,'Менеджерское поле'),
('ILDAR-10',14,'o_toll','Расходы на платную дорогу (туда-обратно) по транспондеру',0,'усл',0,0,0,'cash_amount_vat',FALSE,'Менеджер вводит сумму платежа; сумма попадает в расходы с НДС как в Excel'),
('ILDAR-10',15,'o_per_diem','Суточные по командировки (при ночевке)',1,'день х чел',1500,1830,1830,'direct',FALSE,'Количество вводит менеджер; ставка административная'),
('ILDAR-10',16,'o_diesel','Расходы на дизель (15 л/100км), л',18,'литры',59.02,72,1296,'diesel',FALSE,'Количество = километраж / 100 × 15; цена с НДС вводится менеджером'),
('ILDAR-10',17,'o_gazelle_amort','Амортизация Газели и ТО',1,'усл',22000,26840,26840,'office_gazelle_amort_total',FALSE,'Административная ставка подставляется по офису менеджера'),
('ILDAR-10',18,'o_dry_ice_purchase','Расходы на закупку сухого льда',30,'кг',90.16,110,3300,'direct_vat_price',FALSE,'Менеджерское поле: количество и цена с НДС'),
('ILDAR-10',19,'o_dry_ice_delivery','Расходы на доставку сухого льда в цех',0,'усл',1500,1830,0,'direct',FALSE,'Менеджерское поле'),
('ILDAR-30',1,'d_driver_km','Работа водителя за километраж по маячку А5/А6',520,'км',20,0,13497.87,'office_driver_km',FALSE,'Количество вводит менеджер; ставка NET на руки подставляется по офису менеджера; НПД считается через 0.94'),
('ILDAR-30',2,'d_demo_work','Работа демонстратора*',8,'часы',1350,0,14017.02,'demo_work_total',FALSE,'Количество = время на мед./тех. осмотр + время работы демонстратором; НПД считается через 0.94'),
('ILDAR-30',3,'d_night_compensation','Компенсация за ночевку и другие согласованные расходы',0,'руб. на руки',0,0,0,'npd_cash_input',FALSE,'Менеджер вводит сумму на руки; НПД считается через 0.94'),
('ILDAR-30',4,'d_cryoblaster','Демонстрация криобластера',2,'усл',6000,0,15574.47,'office_cryoblaster',FALSE,'Количество вводит менеджер; ставка NET на руки подставляется по офису менеджера; НПД считается через 0.94'),
('ILDAR-30',5,'d_hard_conditions','Усложненные условия труда',0,'усл',1700,0,0,'npd_direct',FALSE,'Жара/холод/дождь/снег/противогаз/грязная или шумная среда/улица/сложный допуск, если указано в акте'),
('ILDAR-30',6,'d_electric_compressor','Работа с электрическим компрессором в фанере',0,'усл',3500,0,0,'npd_direct',FALSE,'Административная ставка; количество вводит менеджер'),
('ILDAR-30',7,'d_electro_reel','Использование электрокатушки',1,'усл',1000,0,1297.87,'npd_direct',FALSE,'Менеджер может менять количество и ставку NET на руки'),
('ILDAR-30',8,'d_load_unload','Выгрузка и загрузка компрессора и электрокатушки',0,'усл',2000,0,0,'npd_direct',FALSE,'Снятие/монтаж ремней, подготовка к перемещению, перемещение на колесах/платформе или с механизацией'),
('ILDAR-30',9,'o_transport_fixed','Расходы на перевозку чужим транспортом (туда-обратно)',0,'усл',2800,3416,0,'direct',FALSE,'Менеджерское поле'),
('ILDAR-30',10,'o_transport_km','Расходы на перевозку чужим транспортом (туда-обратно)',0,'км',41,50.02,0,'direct',FALSE,'Менеджерское поле по километражу стороннего транспорта'),
('ILDAR-30',11,'o_hotel_manager','Расходы на отель Менеджера',0,'день х чел',2800,3416,0,'direct',FALSE,'Менеджерское поле'),
('ILDAR-30',12,'o_hotel_driver','Расходы на отель Водителя',0,'день х чел',2800,3416,0,'direct',FALSE,'Менеджерское поле'),
('ILDAR-30',13,'o_manager_travel','Расходы на переезд менеджера',0,'усл',3000,3660,0,'direct',FALSE,'Менеджерское поле'),
('ILDAR-30',14,'o_toll','Расходы на платную дорогу (туда-обратно) по транспондеру',0,'усл',0,0,0,'cash_amount_vat',FALSE,'Менеджер вводит сумму платежа; сумма попадает в расходы с НДС как в Excel'),
('ILDAR-30',15,'o_per_diem','Суточные по командировки (при ночевке)',1,'день х чел',1500,1830,1830,'direct',FALSE,'Количество вводит менеджер; ставка административная'),
('ILDAR-30',16,'o_diesel','Расходы на дизель (15 л/100км), л',78,'литры',59.02,72,5616,'diesel',FALSE,'Количество = километраж / 100 × 15; цена с НДС вводится менеджером'),
('ILDAR-30',17,'o_gazelle_amort','Амортизация Газели и ТО',1,'усл',22000,26840,26840,'office_gazelle_amort_total',FALSE,'Административная ставка подставляется по офису менеджера'),
('ILDAR-30',18,'o_dry_ice_purchase','Расходы на закупку сухого льда',90,'кг',90.16,110,9900,'direct_vat_price',FALSE,'Менеджерское поле: количество и цена с НДС'),
('ILDAR-30',19,'o_dry_ice_delivery','Расходы на доставку сухого льда в цех',0,'усл',1500,1830,0,'direct',FALSE,'Менеджерское поле'),
('ILDAR-60',1,'d_driver_km','Работа водителя за километраж по маячку А5/А6',120,'км',20,0,3114.89,'office_driver_km',FALSE,'Количество вводит менеджер; ставка NET на руки подставляется по офису менеджера; НПД считается через 0.94'),
('ILDAR-60',2,'d_demo_work','Работа демонстратора*',6,'часы',1350,0,10512.77,'demo_work_total',FALSE,'Количество = время на мед./тех. осмотр + время работы демонстратором; НПД считается через 0.94'),
('ILDAR-60',3,'d_night_compensation','Компенсация за ночевку и другие согласованные расходы',0,'руб. на руки',0,0,0,'npd_cash_input',FALSE,'Менеджер вводит сумму на руки; НПД считается через 0.94'),
('ILDAR-60',4,'d_cryoblaster','Демонстрация криобластера',1,'усл',6000,0,7787.23,'office_cryoblaster',FALSE,'Количество вводит менеджер; ставка NET на руки подставляется по офису менеджера; НПД считается через 0.94'),
('ILDAR-60',5,'d_hard_conditions','Усложненные условия труда',0,'усл',1700,0,0,'npd_direct',FALSE,'Жара/холод/дождь/снег/противогаз/грязная или шумная среда/улица/сложный допуск, если указано в акте'),
('ILDAR-60',6,'d_electric_compressor','Работа с электрическим компрессором в фанере',0,'усл',3500,0,0,'npd_direct',FALSE,'Административная ставка; количество вводит менеджер'),
('ILDAR-60',7,'d_electro_reel','Использование электрокатушки',1,'усл',1000,0,1297.87,'npd_direct',FALSE,'Менеджер может менять количество и ставку NET на руки'),
('ILDAR-60',8,'d_load_unload','Выгрузка и загрузка компрессора и электрокатушки',0,'усл',2000,0,0,'npd_direct',FALSE,'Снятие/монтаж ремней, подготовка к перемещению, перемещение на колесах/платформе или с механизацией'),
('ILDAR-60',9,'o_transport_fixed','Расходы на перевозку чужим транспортом (туда-обратно)',0,'усл',2800,3416,0,'direct',FALSE,'Менеджерское поле'),
('ILDAR-60',10,'o_transport_km','Расходы на перевозку чужим транспортом (туда-обратно)',0,'км',41,50.02,0,'direct',FALSE,'Менеджерское поле по километражу стороннего транспорта'),
('ILDAR-60',11,'o_hotel_manager','Расходы на отель Менеджера',0,'день х чел',2800,3416,0,'direct',FALSE,'Менеджерское поле'),
('ILDAR-60',12,'o_hotel_driver','Расходы на отель Водителя',0,'день х чел',2800,3416,0,'direct',FALSE,'Менеджерское поле'),
('ILDAR-60',13,'o_manager_travel','Расходы на переезд менеджера',0,'усл',3000,3660,0,'direct',FALSE,'Менеджерское поле'),
('ILDAR-60',14,'o_toll','Расходы на платную дорогу (туда-обратно) по транспондеру',0,'усл',0,0,0,'cash_amount_vat',FALSE,'Менеджер вводит сумму платежа; сумма попадает в расходы с НДС как в Excel'),
('ILDAR-60',15,'o_per_diem','Суточные по командировки (при ночевке)',1,'день х чел',1500,1830,1830,'direct',FALSE,'Количество вводит менеджер; ставка административная'),
('ILDAR-60',16,'o_diesel','Расходы на дизель (15 л/100км), л',18,'литры',59.02,72,1296,'diesel',FALSE,'Количество = километраж / 100 × 15; цена с НДС вводится менеджером'),
('ILDAR-60',17,'o_gazelle_amort','Амортизация Газели и ТО',1,'усл',22000,26840,26840,'office_gazelle_amort_total',FALSE,'Административная ставка подставляется по офису менеджера'),
('ILDAR-60',18,'o_dry_ice_purchase','Расходы на закупку сухого льда',60,'кг',90.16,110,6600,'direct_vat_price',FALSE,'Менеджерское поле: количество и цена с НДС'),
('ILDAR-60',19,'o_dry_ice_delivery','Расходы на доставку сухого льда в цех',0,'усл',1500,1830,0,'direct',FALSE,'Менеджерское поле'),
('ILDAR-70',1,'d_driver_km','Работа водителя за километраж по маячку А5/А6',300,'км',20,0,7787.23,'office_driver_km',FALSE,'Количество вводит менеджер; ставка NET на руки подставляется по офису менеджера; НПД считается через 0.94'),
('ILDAR-70',2,'d_demo_work','Работа демонстратора*',8,'часы',1350,0,14017.02,'demo_work_total',FALSE,'Количество = время на мед./тех. осмотр + время работы демонстратором; НПД считается через 0.94'),
('ILDAR-70',3,'d_night_compensation','Компенсация за ночевку и другие согласованные расходы',0,'руб. на руки',0,0,0,'npd_cash_input',FALSE,'Менеджер вводит сумму на руки; НПД считается через 0.94'),
('ILDAR-70',4,'d_cryoblaster','Демонстрация криобластера',2,'усл',6000,0,15574.47,'office_cryoblaster',FALSE,'Количество вводит менеджер; ставка NET на руки подставляется по офису менеджера; НПД считается через 0.94'),
('ILDAR-70',5,'d_hard_conditions','Усложненные условия труда',0,'усл',1700,0,0,'npd_direct',FALSE,'Жара/холод/дождь/снег/противогаз/грязная или шумная среда/улица/сложный допуск, если указано в акте'),
('ILDAR-70',6,'d_electric_compressor','Работа с электрическим компрессором в фанере',0,'усл',3500,0,0,'npd_direct',FALSE,'Административная ставка; количество вводит менеджер'),
('ILDAR-70',7,'d_electro_reel','Использование электрокатушки',1,'усл',1000,0,1297.87,'npd_direct',FALSE,'Менеджер может менять количество и ставку NET на руки'),
('ILDAR-70',8,'d_load_unload','Выгрузка и загрузка компрессора и электрокатушки',0,'усл',2000,0,0,'npd_direct',FALSE,'Снятие/монтаж ремней, подготовка к перемещению, перемещение на колесах/платформе или с механизацией'),
('ILDAR-70',9,'o_transport_fixed','Расходы на перевозку чужим транспортом (туда-обратно)',0,'усл',2800,3416,0,'direct',FALSE,'Менеджерское поле'),
('ILDAR-70',10,'o_transport_km','Расходы на перевозку чужим транспортом (туда-обратно)',0,'км',41,50.02,0,'direct',FALSE,'Менеджерское поле по километражу стороннего транспорта'),
('ILDAR-70',11,'o_hotel_manager','Расходы на отель Менеджера',0,'день х чел',2800,3416,0,'direct',FALSE,'Менеджерское поле'),
('ILDAR-70',12,'o_hotel_driver','Расходы на отель Водителя',0,'день х чел',2800,3416,0,'direct',FALSE,'Менеджерское поле'),
('ILDAR-70',13,'o_manager_travel','Расходы на переезд менеджера',0,'усл',3000,3660,0,'direct',FALSE,'Менеджерское поле'),
('ILDAR-70',14,'o_toll','Расходы на платную дорогу (туда-обратно) по транспондеру',0,'усл',0,0,0,'cash_amount_vat',FALSE,'Менеджер вводит сумму платежа; сумма попадает в расходы с НДС как в Excel'),
('ILDAR-70',15,'o_per_diem','Суточные по командировки (при ночевке)',1,'день х чел',1500,1830,1830,'direct',FALSE,'Количество вводит менеджер; ставка административная'),
('ILDAR-70',16,'o_diesel','Расходы на дизель (15 л/100км), л',45,'литры',59.02,72,3240,'diesel',FALSE,'Количество = километраж / 100 × 15; цена с НДС вводится менеджером'),
('ILDAR-70',17,'o_gazelle_amort','Амортизация Газели и ТО',1,'усл',22000,26840,26840,'office_gazelle_amort_total',FALSE,'Административная ставка подставляется по офису менеджера'),
('ILDAR-70',18,'o_dry_ice_purchase','Расходы на закупку сухого льда',90,'кг',90.16,110,9900,'direct_vat_price',FALSE,'Менеджерское поле: количество и цена с НДС'),
('ILDAR-70',19,'o_dry_ice_delivery','Расходы на доставку сухого льда в цех',0,'усл',1500,1830,0,'direct',FALSE,'Менеджерское поле'),
('ILDAR-80',1,'d_driver_km','Работа водителя за километраж по маячку А5/А6',520,'км',20,0,13497.87,'office_driver_km',FALSE,'Количество вводит менеджер; ставка NET на руки подставляется по офису менеджера; НПД считается через 0.94'),
('ILDAR-80',2,'d_demo_work','Работа демонстратора*',10,'часы',1350,0,17521.28,'demo_work_total',FALSE,'Количество = время на мед./тех. осмотр + время работы демонстратором; НПД считается через 0.94'),
('ILDAR-80',3,'d_night_compensation','Компенсация за ночевку и другие согласованные расходы',0,'руб. на руки',0,0,0,'npd_cash_input',FALSE,'Менеджер вводит сумму на руки; НПД считается через 0.94'),
('ILDAR-80',4,'d_cryoblaster','Демонстрация криобластера',1,'усл',6000,0,7787.23,'office_cryoblaster',FALSE,'Количество вводит менеджер; ставка NET на руки подставляется по офису менеджера; НПД считается через 0.94'),
('ILDAR-80',5,'d_hard_conditions','Усложненные условия труда',0,'усл',1700,0,0,'npd_direct',FALSE,'Жара/холод/дождь/снег/противогаз/грязная или шумная среда/улица/сложный допуск, если указано в акте'),
('ILDAR-80',6,'d_electric_compressor','Работа с электрическим компрессором в фанере',0,'усл',3500,0,0,'npd_direct',FALSE,'Административная ставка; количество вводит менеджер'),
('ILDAR-80',7,'d_electro_reel','Использование электрокатушки',1,'усл',1000,0,1297.87,'npd_direct',FALSE,'Менеджер может менять количество и ставку NET на руки'),
('ILDAR-80',8,'d_load_unload','Выгрузка и загрузка компрессора и электрокатушки',0,'усл',2000,0,0,'npd_direct',FALSE,'Снятие/монтаж ремней, подготовка к перемещению, перемещение на колесах/платформе или с механизацией'),
('ILDAR-80',9,'o_transport_fixed','Расходы на перевозку чужим транспортом (туда-обратно)',0,'усл',2800,3416,0,'direct',FALSE,'Менеджерское поле'),
('ILDAR-80',10,'o_transport_km','Расходы на перевозку чужим транспортом (туда-обратно)',0,'км',41,50.02,0,'direct',FALSE,'Менеджерское поле по километражу стороннего транспорта'),
('ILDAR-80',11,'o_hotel_manager','Расходы на отель Менеджера',0,'день х чел',2800,3416,0,'direct',FALSE,'Менеджерское поле'),
('ILDAR-80',12,'o_hotel_driver','Расходы на отель Водителя',0,'день х чел',2800,3416,0,'direct',FALSE,'Менеджерское поле'),
('ILDAR-80',13,'o_manager_travel','Расходы на переезд менеджера',0,'усл',3000,3660,0,'direct',FALSE,'Менеджерское поле'),
('ILDAR-80',14,'o_toll','Расходы на платную дорогу (туда-обратно) по транспондеру',0,'усл',0,0,0,'cash_amount_vat',FALSE,'Менеджер вводит сумму платежа; сумма попадает в расходы с НДС как в Excel'),
('ILDAR-80',15,'o_per_diem','Суточные по командировки (при ночевке)',1,'день х чел',1500,1830,1830,'direct',FALSE,'Количество вводит менеджер; ставка административная'),
('ILDAR-80',16,'o_diesel','Расходы на дизель (15 л/100км), л',78,'литры',59.02,72,5616,'diesel',FALSE,'Количество = километраж / 100 × 15; цена с НДС вводится менеджером'),
('ILDAR-80',17,'o_gazelle_amort','Амортизация Газели и ТО',1,'усл',22000,26840,26840,'office_gazelle_amort_total',FALSE,'Административная ставка подставляется по офису менеджера'),
('ILDAR-80',18,'o_dry_ice_purchase','Расходы на закупку сухого льда',120,'кг',90.16,110,13200,'direct_vat_price',FALSE,'Менеджерское поле: количество и цена с НДС'),
('ILDAR-80',19,'o_dry_ice_delivery','Расходы на доставку сухого льда в цех',0,'усл',1500,1830,0,'direct',FALSE,'Менеджерское поле');

INSERT INTO demo_criterion_values(action_id,criterion_code,level_index,manager_comment) VALUES
('RUSLAN-10','P1',1,''),
('RUSLAN-10','P2',1,''),
('RUSLAN-10','P3',1,''),
('RUSLAN-10','P4',1,''),
('RUSLAN-10','P5',1,''),
('RUSLAN-10','P6',1,''),
('RUSLAN-10','P7',1,''),
('RUSLAN-10','P8',1,''),
('RUSLAN-10','R1',1,''),
('RUSLAN-10','R2',1,''),
('RUSLAN-10','R3',1,''),
('RUSLAN-10','R4',1,''),
('RUSLAN-10','R5',1,''),
('RUSLAN-10','R6',1,''),
('RUSLAN-10','R7',1,''),
('RUSLAN-10','M1',1,''),
('RUSLAN-10','M4',1,''),
('RUSLAN-10','M6',1,''),
('RUSLAN-30','P1',3,''),
('RUSLAN-30','P2',3,''),
('RUSLAN-30','P3',3,''),
('RUSLAN-30','P4',3,''),
('RUSLAN-30','P5',3,''),
('RUSLAN-30','P6',3,''),
('RUSLAN-30','P7',2,''),
('RUSLAN-30','P8',2,''),
('RUSLAN-30','R1',3,''),
('RUSLAN-30','R2',3,''),
('RUSLAN-30','R3',3,''),
('RUSLAN-30','R4',3,''),
('RUSLAN-30','R5',2,''),
('RUSLAN-30','R6',2,''),
('RUSLAN-30','R7',2,''),
('RUSLAN-30','M1',2,''),
('RUSLAN-30','M4',2,''),
('RUSLAN-30','M6',2,''),
('RUSLAN-60','P1',3,''),
('RUSLAN-60','P2',3,''),
('RUSLAN-60','P3',3,''),
('RUSLAN-60','P4',3,''),
('RUSLAN-60','P5',3,''),
('RUSLAN-60','P6',3,''),
('RUSLAN-60','P7',2,''),
('RUSLAN-60','P8',2,''),
('RUSLAN-60','R1',3,''),
('RUSLAN-60','R2',3,''),
('RUSLAN-60','R3',3,''),
('RUSLAN-60','R4',3,''),
('RUSLAN-60','R5',2,''),
('RUSLAN-60','R6',2,''),
('RUSLAN-60','R7',2,''),
('RUSLAN-60','M1',2,''),
('RUSLAN-60','M4',2,''),
('RUSLAN-60','M6',2,''),
('TIMUR-10','P1',1,''),
('TIMUR-10','P2',1,''),
('TIMUR-10','P3',1,''),
('TIMUR-10','P4',1,''),
('TIMUR-10','P5',1,''),
('TIMUR-10','P6',1,''),
('TIMUR-10','P7',1,''),
('TIMUR-10','P8',1,''),
('TIMUR-10','R1',1,''),
('TIMUR-10','R2',1,''),
('TIMUR-10','R3',1,''),
('TIMUR-10','R4',1,''),
('TIMUR-10','R5',1,''),
('TIMUR-10','R6',1,''),
('TIMUR-10','R7',1,''),
('TIMUR-10','M1',1,''),
('TIMUR-10','M4',1,''),
('TIMUR-10','M6',1,''),
('TIMUR-30','P1',3,''),
('TIMUR-30','P2',3,''),
('TIMUR-30','P3',3,''),
('TIMUR-30','P4',3,''),
('TIMUR-30','P5',3,''),
('TIMUR-30','P6',3,''),
('TIMUR-30','P7',2,''),
('TIMUR-30','P8',2,''),
('TIMUR-30','R1',3,''),
('TIMUR-30','R2',3,''),
('TIMUR-30','R3',3,''),
('TIMUR-30','R4',3,''),
('TIMUR-30','R5',2,''),
('TIMUR-30','R6',2,''),
('TIMUR-30','R7',2,''),
('TIMUR-30','M1',2,''),
('TIMUR-30','M4',2,''),
('TIMUR-30','M6',2,''),
('MARIA-10','P1',1,''),
('MARIA-10','P2',1,''),
('MARIA-10','P3',1,''),
('MARIA-10','P4',1,''),
('MARIA-10','P5',1,''),
('MARIA-10','P6',1,''),
('MARIA-10','P7',1,''),
('MARIA-10','P8',1,''),
('MARIA-10','R1',1,''),
('MARIA-10','R2',1,''),
('MARIA-10','R3',1,''),
('MARIA-10','R4',1,''),
('MARIA-10','R5',1,''),
('MARIA-10','R6',1,''),
('MARIA-10','R7',1,''),
('MARIA-10','M1',1,''),
('MARIA-10','M4',1,''),
('MARIA-10','M6',1,''),
('MARIA-30','P1',3,''),
('MARIA-30','P2',3,''),
('MARIA-30','P3',3,''),
('MARIA-30','P4',3,''),
('MARIA-30','P5',3,''),
('MARIA-30','P6',3,''),
('MARIA-30','P7',2,''),
('MARIA-30','P8',2,''),
('MARIA-30','R1',3,''),
('MARIA-30','R2',3,''),
('MARIA-30','R3',3,''),
('MARIA-30','R4',3,''),
('MARIA-30','R5',2,''),
('MARIA-30','R6',2,''),
('MARIA-30','R7',2,''),
('MARIA-30','M1',2,''),
('MARIA-30','M4',2,''),
('MARIA-30','M6',2,''),
('MARIA-60','P1',3,''),
('MARIA-60','P2',3,''),
('MARIA-60','P3',3,''),
('MARIA-60','P4',3,''),
('MARIA-60','P5',3,''),
('MARIA-60','P6',3,''),
('MARIA-60','P7',2,''),
('MARIA-60','P8',2,''),
('MARIA-60','R1',3,''),
('MARIA-60','R2',3,''),
('MARIA-60','R3',3,''),
('MARIA-60','R4',3,''),
('MARIA-60','R5',2,''),
('MARIA-60','R6',2,''),
('MARIA-60','R7',2,''),
('MARIA-60','M1',2,''),
('MARIA-60','M4',2,''),
('MARIA-60','M6',2,''),
('MARIA-70','P1',1,''),
('MARIA-70','P2',1,''),
('MARIA-70','P3',1,''),
('MARIA-70','P4',1,''),
('MARIA-70','P5',1,''),
('MARIA-70','P6',1,''),
('MARIA-70','P7',1,''),
('MARIA-70','P8',1,''),
('MARIA-70','R1',1,''),
('MARIA-70','R2',1,''),
('MARIA-70','R3',1,''),
('MARIA-70','R4',1,''),
('MARIA-70','R5',1,''),
('MARIA-70','R6',1,''),
('MARIA-70','R7',1,''),
('MARIA-70','M1',1,''),
('MARIA-70','M4',1,''),
('MARIA-70','M6',1,''),
('ILDAR-10','P1',1,''),
('ILDAR-10','P2',1,''),
('ILDAR-10','P3',1,''),
('ILDAR-10','P4',1,''),
('ILDAR-10','P5',1,''),
('ILDAR-10','P6',1,''),
('ILDAR-10','P7',1,''),
('ILDAR-10','P8',1,''),
('ILDAR-10','R1',1,''),
('ILDAR-10','R2',1,''),
('ILDAR-10','R3',1,''),
('ILDAR-10','R4',1,''),
('ILDAR-10','R5',1,''),
('ILDAR-10','R6',1,''),
('ILDAR-10','R7',1,''),
('ILDAR-10','M1',1,''),
('ILDAR-10','M4',1,''),
('ILDAR-10','M6',1,''),
('ILDAR-30','P1',3,''),
('ILDAR-30','P2',3,''),
('ILDAR-30','P3',3,''),
('ILDAR-30','P4',3,''),
('ILDAR-30','P5',3,''),
('ILDAR-30','P6',3,''),
('ILDAR-30','P7',2,''),
('ILDAR-30','P8',2,''),
('ILDAR-30','R1',3,''),
('ILDAR-30','R2',3,''),
('ILDAR-30','R3',3,''),
('ILDAR-30','R4',3,''),
('ILDAR-30','R5',2,''),
('ILDAR-30','R6',2,''),
('ILDAR-30','R7',2,''),
('ILDAR-30','M1',2,''),
('ILDAR-30','M4',2,''),
('ILDAR-30','M6',2,''),
('ILDAR-60','P1',3,''),
('ILDAR-60','P2',3,''),
('ILDAR-60','P3',3,''),
('ILDAR-60','P4',3,''),
('ILDAR-60','P5',3,''),
('ILDAR-60','P6',3,''),
('ILDAR-60','P7',2,''),
('ILDAR-60','P8',2,''),
('ILDAR-60','R1',3,''),
('ILDAR-60','R2',3,''),
('ILDAR-60','R3',3,''),
('ILDAR-60','R4',3,''),
('ILDAR-60','R5',2,''),
('ILDAR-60','R6',2,''),
('ILDAR-60','R7',2,''),
('ILDAR-60','M1',2,''),
('ILDAR-60','M4',2,''),
('ILDAR-60','M6',2,''),
('ILDAR-70','P1',1,''),
('ILDAR-70','P2',1,''),
('ILDAR-70','P3',1,''),
('ILDAR-70','P4',1,''),
('ILDAR-70','P5',1,''),
('ILDAR-70','P6',1,''),
('ILDAR-70','P7',1,''),
('ILDAR-70','P8',1,''),
('ILDAR-70','R1',1,''),
('ILDAR-70','R2',1,''),
('ILDAR-70','R3',1,''),
('ILDAR-70','R4',1,''),
('ILDAR-70','R5',1,''),
('ILDAR-70','R6',1,''),
('ILDAR-70','R7',1,''),
('ILDAR-70','M1',1,''),
('ILDAR-70','M4',1,''),
('ILDAR-70','M6',1,''),
('ILDAR-80','P1',2,''),
('ILDAR-80','P2',2,''),
('ILDAR-80','P3',2,''),
('ILDAR-80','P4',2,''),
('ILDAR-80','P5',2,''),
('ILDAR-80','P6',2,''),
('ILDAR-80','P7',2,''),
('ILDAR-80','P8',2,''),
('ILDAR-80','R1',2,''),
('ILDAR-80','R2',2,''),
('ILDAR-80','R3',2,''),
('ILDAR-80','R4',2,''),
('ILDAR-80','R5',2,''),
('ILDAR-80','R6',2,''),
('ILDAR-80','R7',2,''),
('ILDAR-80','M1',2,''),
('ILDAR-80','M4',2,''),
('ILDAR-80','M6',2,'');

INSERT INTO sale_rows(action_id,row_order,product_id,sku,name,pr0_vat,price_vat,price_net,qty,total_vat,total_net,vat_sum,mr_unit,pr_unit,st_pct,cash_net) VALUES
('RUSLAN-20',1,'BASIC-2.0-P10-PLa-F3500','BASIC-2.0-P10-PLa-F3500','Криобластер BASIC 2.0 (P10/PLa), 0-60 кг/ч, 3500 л/мин',1169980,1169980,959000,1,1169980,959000,210980,191800,95900,0.565,108367),
('RUSLAN-40',1,'TR-2.0-MAX-P12-PLa-F3500-PRO-II','TR-2.0-MAX-P12-PLa-F3500-PRO-II','Криобластер TRANSFORMER 2.0 MAX (P12/PLa), 0-150 кг/ч, 3500 л/мин',2166720,2166720,1776000,1,2166720,1776000,390720,355200,177600,0.565,200688),
('TIMUR-20',1,'ONE-2.0-P12-PLa-F3500','ONE-2.0-P12-PLa-F3500','Криобластер ONE 2.0 (P12/PLa), 0-150 кг/ч, 3500 л/мин',1886120,1886120,1546000,1,1886120,1546000,340120,309200,154600,0.565,174698),
('MARIA-20',1,'TR-2.0-MAX-P12-PLa-F3500-PRO-II','TR-2.0-MAX-P12-PLa-F3500-PRO-II','Криобластер TRANSFORMER 2.0 MAX (P12/PLa), 0-150 кг/ч, 3500 л/мин',2166720,2166720,1776000,1,2166720,1776000,390720,355200,177600,0.465,165168),
('MARIA-40',1,'MINI-3.0-P10-F2500','MINI-3.0-P10-F2500','Криобластер MINI 3.0 (P10), 30 кг/ч, 2500 л/мин, MINI-II',203740,203740,167000,1,203740,167000,36740,33400,16700,0.465,15531),
('ILDAR-20',1,'NZ-LV-5000','NZ-LV-5000','Сопло агрессивное NZ-LV-5000',92720,92720,76000,1,92720,76000,16720,15200,7600,0.465,7068),
('ILDAR-40',1,'BASIC-2.0-P10-PLa-F3500','BASIC-2.0-P10-PLa-F3500','Криобластер BASIC 2.0 (P10/PLa), 0-60 кг/ч, 3500 л/мин',1169980,1169980,959000,1,1169980,959000,210980,191800,95900,0.465,89187);

-- Проверка
SELECT manager_login, COUNT(*) AS actions_total, COUNT(*) FILTER (WHERE is_locked) AS locked_actions FROM v_actions_with_lock GROUP BY manager_login ORDER BY manager_login;
