-- 02_seed_demo_calc_demo_data_v6_5.sql
-- Загружает демо-данные v2: 2 офиса, 4 менеджера, демонстрации, продажи и премии.
TRUNCATE TABLE demo_criterion_values, demo_expenses, sale_rows, actions, products, app_settings, app_users RESTART IDENTITY CASCADE;

INSERT INTO app_users(login,password,role,name,office_city,is_active) VALUES
('artur','123','director','Артур Гимадеев','Казань',TRUE),
('ruslan','111','manager','Руслан Абдулин','Казань',TRUE),
('timur','222','manager','Тимур Сафин','Казань',TRUE),
('maria','333','manager','Мария Иванова','Москва',TRUE),
('ildar','444','manager','Ильдар Хасанов','Москва',TRUE);

INSERT INTO app_settings(id, settings) VALUES (1, '{"vat_rate": 0.22, "k1": 0.65, "payroll_tax_rate": 0.3, "diesel_l_per_100km": 12.0, "office_cities": ["Казань", "Москва"], "office_rates": {"Казань": {"driver_km_rate": 15.0, "cryoblaster_rate": 4000.0, "gazelle_rate": 10.0, "sale_st": 0.565}, "Москва": {"driver_km_rate": 18.0, "cryoblaster_rate": 4500.0, "gazelle_rate": 12.0, "sale_st": 0.465}}, "font_family": "Arial", "ui": {"action_list_width_pct": 31, "font_base_px": 13, "font_title_px": 18, "card_padding_px": 10, "field_gap_px": 8, "table_row_height_px": 30, "criteria_name_width_pct": 20, "criteria_levels_width_pct": 60, "criteria_comment_width_pct": 20}, "criteria": [{"block": "P", "code": "P1", "title": "Покупающий центр подтвержден", "desc": "Кто со стороны клиента участвует в демонстрации и согласовании.", "levels": [["Участники не подтверждены", 0], ["Только пользователь / мастер", 5], ["Есть технический инициатор", 10], ["Есть руководитель / ЛПР и технический инициатор", 15]]}, {"block": "P", "code": "P2", "title": "Объект очистки определен", "desc": "Есть ли конкретный объект, который будут чистить.", "levels": [["Объект не выбран", 0], ["Объект назван устно", 5], ["Объект назван и есть фото / видео", 10], ["Объект назван, есть фото / видео и клиент подтвердил его приоритет", 15]]}, {"block": "P", "code": "P3", "title": "Загрязнение и текущий метод очистки описаны", "desc": "Понятно ли, что удалить и чем клиент чистит сейчас.", "levels": [["Загрязнение не описано", 0], ["Описано только загрязнение", 4], ["Описаны загрязнение и текущий метод", 7], ["Описаны загрязнение, текущий метод и проблемы текущего метода", 10]]}, {"block": "P", "code": "P4", "title": "Воздух и площадка подтверждены", "desc": "Готовность пневмосети и места проведения.", "levels": [["Данные по воздуху отсутствуют", 0], ["Подтверждено только давление", 5], ["Подтверждены давление и расход", 10], ["Подтверждены давление, расход, подключение, доступ и безопасность", 15]]}, {"block": "P", "code": "P5", "title": "Критерии успеха согласованы", "desc": "Договорились ли заранее, что считается успешной демонстрацией.", "levels": [["Критерии не согласованы", 0], ["Есть устное ожидание результата", 5], ["Согласованы качество и время очистки", 10], ["Согласованы качество, время, расход льда и способ фиксации результата", 15]]}, {"block": "P", "code": "P6", "title": "Коммерческий потенциал понятен", "desc": "Есть ли связь между демонстрацией и будущей продажей.", "levels": [["Коммерческий потенциал не понятен", 0], ["Есть общий интерес", 5], ["Понятна возможная модель или бюджет", 10], ["Понятны модель, бюджет, срок и следующий шаг", 15]]}, {"block": "P", "code": "P7", "title": "Логистика и бюджет выезда согласованы", "desc": "Подготовлены ли маршрут, лед, транспорт, люди и бюджет.", "levels": [["Логистика не согласована", 0], ["Согласованы маршрут и участники", 5], ["Согласованы маршрут, участники, лед, транспорт и бюджет", 10]]}, {"block": "P", "code": "P8", "title": "Карточка подготовки заполнена", "desc": "Формальный критерий дисциплины. Без карточки нельзя доказать подготовку.", "levels": [["Карточка отсутствует", 0], ["Карточка заполнена частично", 3], ["Карточка заполнена полностью", 5]]}, {"block": "R", "code": "R1", "title": "Согласованный технический результат достигнут", "desc": "Достигнута ли цель очистки, согласованная до демонстрации.", "levels": [["Результат не достигнут", 0], ["Результат достигнут частично", 8], ["Результат достигнут полностью", 15], ["Результат достигнут лучше согласованных критериев", 20]]}, {"block": "R", "code": "R2", "title": "Измерения зафиксированы", "desc": "Есть ли цифры: время, расход льда, давление, сопло, площадь / деталь.", "levels": [["Измерений нет", 0], ["Есть только фото / видео", 5], ["Есть время или расход льда", 10], ["Есть время, расход льда, давление, сопло и площадь / деталь", 15]]}, {"block": "R", "code": "R3", "title": "Клиент подтвердил результат", "desc": "Кто со стороны клиента увидел и подтвердил результат.", "levels": [["Подтверждения клиента нет", 0], ["Подтвердил пользователь / мастер", 5], ["Подтвердил технический инициатор", 10], ["Подтвердил руководитель / ЛПР или главный инженер", 15]]}, {"block": "R", "code": "R4", "title": "Следующий шаг после демонстрации получен", "desc": "КП, счет, аренда, договор или повторный тест.", "levels": [["Следующего шага нет", 0], ["Есть только устный интерес", 5], ["Назначена дата следующего контакта / встречи", 12], ["Запрошены КП, счет, аренда, договор или повторный тест", 20]]}, {"block": "R", "code": "R5", "title": "Отчет по демонстрации оформлен", "desc": "Отчет для клиента и контроля ИРБИСТЕХ.", "levels": [["Отчета нет", 0], ["Есть краткий отчет с фото / видео", 5], ["Есть отчет с фото / видео, цифрами и выводом", 10]]}, {"block": "R", "code": "R6", "title": "Экономика для клиента посчитана", "desc": "Технический результат переведен в часы, рубли или человеко-часы.", "levels": [["Экономика не обсуждалась", 0], ["Есть оценка эффекта словами", 5], ["Есть расчет в часах, рублях или человеко-часах", 10]]}, {"block": "R", "code": "R7", "title": "Причина неуспеха или отказа зафиксирована", "desc": "Если нет продажи, понятно почему и что делать дальше.", "levels": [["Причина не зафиксирована", 0], ["Причина описана устно", 5], ["Причина зафиксирована письменно и есть дальнейшее решение", 10]]}, {"block": "M", "code": "M1", "title": "Стратегический статус клиента подтвержден", "desc": "Крупный клиент, отраслевой лидер, повторные продажи, публичный кейс.", "levels": [["Стратегический статус не подтвержден", 0], ["Статус подтвержден руководителем продаж", 8], ["Статус подтвержден директором до выезда", 15]]}, {"block": "M", "code": "M2", "title": "Клиент участвует в расходах", "desc": "Оплата или организационное участие клиента подтверждает серьезность намерений.", "levels": [["Клиент не участвует", 0], ["Клиент предоставляет только площадку / людей", 5], ["Клиент оплачивает часть расходов", 12], ["Клиент оплачивает демонстрацию полностью или почти полностью", 20]]}, {"block": "M", "code": "M3", "title": "Выезд заранее согласован внутри ИРБИСТЕХ", "desc": "Кто разрешил тратить деньги на демонстрацию.", "levels": [["Выезд не согласован заранее", 0], ["Выезд согласован с руководителем продаж", 8], ["Выезд согласован директором до начала расходов", 15]]}, {"block": "M", "code": "M4", "title": "Логистика выезда оптимизирована", "desc": "Расходы распределяются на несколько задач маршрута.", "levels": [["Отдельный выезд только под одного клиента", 0], ["Выезд частично совмещен с другой задачей", 5], ["В маршруте 2+ демонстрации / задачи", 10]]}, {"block": "M", "code": "M5", "title": "Повторная демонстрация обоснована", "desc": "Повтор по запросу клиента отличается от повтора из-за ошибки подготовки.", "levels": [["Повтор из-за ошибки подготовки", 0], ["Первая демонстрация или повтор не требуется", 7], ["Повтор по запросу клиента после успешной демонстрации", 10]]}, {"block": "M", "code": "M6", "title": "Демонстрация дала маркетинговую или R&D-ценность", "desc": "Фото, видео, новый кейс, новая отрасль, проверка новой задачи.", "levels": [["Материалы непригодны для повторного использования", 0], ["Материалы пригодны только внутри компании", 7], ["Материалы пригодны для кейса / обучения / R&D", 15]]}, {"block": "M", "code": "M7", "title": "Ответственность за отклонения и перерасход", "desc": "Защита от снижения вычета, если перерасход возник по вине менеджера.", "levels": [["Отклонение возникло по вине менеджера", 0], ["Отклонений не было", 10], ["Отклонение возникло по подтвержденной причине вне зоны ответственности менеджера", 15]]}], "expense_settings": [{"article": "Работа водителя за километраж по маячку А5/А6", "section": "driver", "unit": "км", "qty_default": 300, "price_net_default": 0, "price_vat_default": 0, "qty_manager": true, "price_manager": false, "calc_type": "office_driver_km", "comment": "Количество вводит менеджер; ставка подставляется по офису менеджера"}, {"article": "Работа демонстратора", "section": "driver", "unit": "ч", "qty_default": 8, "price_net_default": 1350, "price_vat_default": 0, "qty_manager": false, "price_manager": false, "calc_type": "demo_hours", "comment": "Количество равно полю «Время работы демонстратором»"}, {"article": "Демонстрация криобластера", "section": "driver", "unit": "ч", "qty_default": 8, "price_net_default": 0, "price_vat_default": 0, "qty_manager": false, "price_manager": false, "calc_type": "office_cryoblaster", "comment": "Ставка подставляется по офису менеджера"}, {"article": "Налоги на ФОТ", "section": "driver", "unit": "усл", "qty_default": 1, "price_net_default": 0, "price_vat_default": 0, "qty_manager": false, "price_manager": false, "calc_type": "payroll_tax", "comment": "Автоматически от сумм ГПХ/ПНД"}, {"article": "Расходы на отель Менеджера", "section": "other", "unit": "день × чел", "qty_default": 1, "price_net_default": 2800, "price_vat_default": 0, "qty_manager": true, "price_manager": true, "calc_type": "direct", "comment": "Менеджерское поле"}, {"article": "Расходы на отель Водителя", "section": "other", "unit": "день × чел", "qty_default": 1, "price_net_default": 2800, "price_vat_default": 0, "qty_manager": true, "price_manager": true, "calc_type": "direct", "comment": "Менеджерское поле"}, {"article": "Расходы на переезд менеджера", "section": "other", "unit": "усл", "qty_default": 0, "price_net_default": 3000, "price_vat_default": 0, "qty_manager": true, "price_manager": true, "calc_type": "direct", "comment": "Менеджерское поле"}, {"article": "Расходы на платную дорогу", "section": "other", "unit": "усл", "qty_default": 0, "price_net_default": 0, "price_vat_default": 0, "qty_manager": true, "price_manager": true, "calc_type": "direct", "comment": "Менеджерское поле"}, {"article": "Суточные для командировки", "section": "other", "unit": "день × чел", "qty_default": 2, "price_net_default": 1500, "price_vat_default": 0, "qty_manager": false, "price_manager": false, "calc_type": "direct", "comment": "Административная норма"}, {"article": "Расходы на дизель", "section": "other", "unit": "л", "qty_default": 0, "price_net_default": 0, "price_vat_default": 78, "qty_manager": false, "price_manager": false, "calc_type": "diesel", "comment": "Формула: км / 100 × расход топлива"}, {"article": "Амортизация Газели и ТО", "section": "other", "unit": "км", "qty_default": 0, "price_net_default": 0, "price_vat_default": 0, "qty_manager": false, "price_manager": false, "calc_type": "office_gazelle_amort", "comment": "Ставка подставляется по офису менеджера"}, {"article": "Расходы на закупку сухого льда", "section": "other", "unit": "кг", "qty_default": 300, "price_net_default": 0, "price_vat_default": 90, "qty_manager": true, "price_manager": true, "calc_type": "direct_vat_price", "comment": "Менеджерское поле"}, {"article": "Расходы на доставку сухого льда в цех", "section": "other", "unit": "усл", "qty_default": 0, "price_net_default": 1500, "price_vat_default": 0, "qty_manager": true, "price_manager": false, "calc_type": "direct", "comment": "Количество вводит менеджер; цена административная"}]}'::jsonb);

INSERT INTO products(product_id,row_order,sku,name,price_vat,price_net,city_params,comment) VALUES
('MINI-3.0-P10-F2500',1,'MINI-3.0-P10-F2500','Криобластер MINI 3.0 (P10), 30 кг/ч, 2500 л/мин, MINI-II',203740,167000,'{"Казань": {"mr": 33400.0, "pr": 16700.0, "st": 0.565}, "Москва": {"mr": 33400.0, "pr": 16700.0, "st": 0.465}}'::jsonb,'Демо-товар'),
('BASIC-2.0-P10-PLa-F3500',2,'BASIC-2.0-P10-PLa-F3500','Криобластер BASIC 2.0 (P10/PLa), 0-60 кг/ч, 3500 л/мин',1169980,959000,'{"Казань": {"mr": 191800.0, "pr": 95900.0, "st": 0.565}, "Москва": {"mr": 191800.0, "pr": 95900.0, "st": 0.465}}'::jsonb,'Демо-товар'),
('ONE-2.0-P12-PLa-F3500',3,'ONE-2.0-P12-PLa-F3500','Криобластер ONE 2.0 (P12/PLa), 0-150 кг/ч, 3500 л/мин',1886120,1546000,'{"Казань": {"mr": 309200.0, "pr": 154600.0, "st": 0.565}, "Москва": {"mr": 309200.0, "pr": 154600.0, "st": 0.465}}'::jsonb,'Демо-товар'),
('TR-2.0-MAX-P12-PLa-F3500-PRO-II',4,'TR-2.0-MAX-P12-PLa-F3500-PRO-II','Криобластер TRANSFORMER 2.0 MAX (P12/PLa), 0-150 кг/ч, 3500 л/мин',2166720,1776000,'{"Казань": {"mr": 355200.0, "pr": 177600.0, "st": 0.565}, "Москва": {"mr": 355200.0, "pr": 177600.0, "st": 0.465}}'::jsonb,'Демо-товар'),
('NZ-LV-5000',5,'NZ-LV-5000','Сопло агрессивное NZ-LV-5000',92720,76000,'{"Казань": {"mr": 15200.0, "pr": 7600.0, "st": 0.565}, "Москва": {"mr": 15200.0, "pr": 7600.0, "st": 0.465}}'::jsonb,'Демо-товар');

INSERT INTO actions(action_id,action_type,manager_login,sequence_no,action_date,client,city,model,task_description,comment,payload,is_director_confirmed,confirmed_amount,director_comment) VALUES
('RUSLAN-10','Проведенная демонстрация','ruslan',10,'2026-04-01','Центр Транс Техмаш','Казань','TRANSFORMER 2.0 MAX','Демо-задача очистки оборудования','Демо-данные','{"demo_meta": {"demo_hours": 6}}'::jsonb,TRUE, 41368.02,''),
('RUSLAN-20','Проданное оборудование','ruslan',20,'2026-04-04','Центр Транс Техмаш','Казань','TRANSFORMER 2.0 MAX','Демо-задача очистки оборудования','Демо-данные','{}'::jsonb,TRUE, 108367,''),
('RUSLAN-30','Проведенная демонстрация','ruslan',30,'2026-04-07','Центр Транс Техмаш','Казань','TRANSFORMER 2.0 MAX','Демо-задача очистки оборудования','Демо-данные','{"demo_meta": {"demo_hours": 10}}'::jsonb,TRUE, 3341.8,''),
('RUSLAN-40','Проданное оборудование','ruslan',40,'2026-04-10','Центр Транс Техмаш','Казань','TRANSFORMER 2.0 MAX','Демо-задача очистки оборудования','Демо-данные','{}'::jsonb,TRUE, 200688,''),
('RUSLAN-50','Выплата премии','ruslan',50,'2026-04-13','Центр Транс Техмаш','Казань','TRANSFORMER 2.0 MAX','Демо-задача очистки оборудования','Демо-данные','{}'::jsonb,TRUE, 264345.18,'Период закрыт демо-данными'),
('RUSLAN-60','Проведенная демонстрация','ruslan',60,'2026-04-16','Центр Транс Техмаш','Казань','TRANSFORMER 2.0 MAX','Демо-задача очистки оборудования','Демо-данные','{"demo_meta": {"demo_hours": 8}}'::jsonb,FALSE, 2372.86,''),
('TIMUR-10','Проведенная демонстрация','timur',10,'2026-04-02','Полипластик','Казань','ONE 2.0','Демо-задача очистки оборудования','Демо-данные','{"demo_meta": {"demo_hours": 6}}'::jsonb,TRUE, 41368.02,''),
('TIMUR-20','Проданное оборудование','timur',20,'2026-04-05','Полипластик','Казань','ONE 2.0','Демо-задача очистки оборудования','Демо-данные','{}'::jsonb,TRUE, 174698,''),
('TIMUR-30','Проведенная демонстрация','timur',30,'2026-04-08','Полипластик','Казань','ONE 2.0','Демо-задача очистки оборудования','Демо-данные','{"demo_meta": {"demo_hours": 10}}'::jsonb,TRUE, 3341.8,''),
('TIMUR-40','Выплата премии','timur',40,'2026-04-11','Полипластик','Казань','ONE 2.0','Демо-задача очистки оборудования','Демо-данные','{}'::jsonb,TRUE, 129988.18,'Период закрыт демо-данными'),
('MARIA-10','Проведенная демонстрация','maria',10,'2026-04-03','Московская кондитерская фабрика','Москва','MINI 3.0','Демо-задача очистки оборудования','Демо-данные','{"demo_meta": {"demo_hours": 6}}'::jsonb,TRUE, 44363.22,''),
('MARIA-20','Проданное оборудование','maria',20,'2026-04-06','Московская кондитерская фабрика','Москва','MINI 3.0','Демо-задача очистки оборудования','Демо-данные','{}'::jsonb,TRUE, 165168,''),
('MARIA-30','Проведенная демонстрация','maria',30,'2026-04-09','Московская кондитерская фабрика','Москва','MINI 3.0','Демо-задача очистки оборудования','Демо-данные','{"demo_meta": {"demo_hours": 10}}'::jsonb,TRUE, 3609.12,''),
('MARIA-40','Проданное оборудование','maria',40,'2026-04-12','Московская кондитерская фабрика','Москва','MINI 3.0','Демо-задача очистки оборудования','Демо-данные','{}'::jsonb,TRUE, 15531,''),
('MARIA-50','Выплата премии','maria',50,'2026-04-15','Московская кондитерская фабрика','Москва','MINI 3.0','Демо-задача очистки оборудования','Демо-данные','{}'::jsonb,TRUE, 132726.66,'Период закрыт демо-данными'),
('MARIA-60','Проведенная демонстрация','maria',60,'2026-04-18','Московская кондитерская фабрика','Москва','MINI 3.0','Демо-задача очистки оборудования','Демо-данные','{"demo_meta": {"demo_hours": 8}}'::jsonb,FALSE, 2537.92,''),
('MARIA-70','Проведенная демонстрация','maria',70,'2026-04-21','Московская кондитерская фабрика','Москва','MINI 3.0','Демо-задача очистки оборудования','Демо-данные','{"demo_meta": {"demo_hours": 10}}'::jsonb,FALSE, 77806.81,''),
('MARIA-80','Выплата премии','maria',80,'2026-04-24','Московская кондитерская фабрика','Москва','MINI 3.0','Демо-задача очистки оборудования','Демо-данные','{}'::jsonb,FALSE, 0,''),
('ILDAR-10','Проведенная демонстрация','ildar',10,'2026-04-04','МосТехСервис','Москва','BASIC 2.0','Демо-задача очистки оборудования','Демо-данные','{"demo_meta": {"demo_hours": 6}}'::jsonb,TRUE, 44363.22,''),
('ILDAR-20','Проданное оборудование','ildar',20,'2026-04-07','МосТехСервис','Москва','BASIC 2.0','Демо-задача очистки оборудования','Демо-данные','{}'::jsonb,TRUE, 7068,''),
('ILDAR-30','Проведенная демонстрация','ildar',30,'2026-04-10','МосТехСервис','Москва','BASIC 2.0','Демо-задача очистки оборудования','Демо-данные','{"demo_meta": {"demo_hours": 10}}'::jsonb,TRUE, 3609.12,''),
('ILDAR-40','Проданное оборудование','ildar',40,'2026-04-13','МосТехСервис','Москва','BASIC 2.0','Демо-задача очистки оборудования','Демо-данные','{}'::jsonb,TRUE, 89187,''),
('ILDAR-50','Выплата премии','ildar',50,'2026-04-16','МосТехСервис','Москва','BASIC 2.0','Демо-задача очистки оборудования','Демо-данные','{}'::jsonb,TRUE, 48282.66,'Период закрыт демо-данными'),
('ILDAR-60','Проведенная демонстрация','ildar',60,'2026-04-19','МосТехСервис','Москва','BASIC 2.0','Демо-задача очистки оборудования','Демо-данные','{"demo_meta": {"demo_hours": 8}}'::jsonb,FALSE, 2537.92,''),
('ILDAR-70','Проведенная демонстрация','ildar',70,'2026-04-22','МосТехСервис','Москва','BASIC 2.0','Демо-задача очистки оборудования','Демо-данные','{"demo_meta": {"demo_hours": 10}}'::jsonb,FALSE, 77806.81,''),
('ILDAR-80','Проведенная демонстрация','ildar',80,'2026-04-25','МосТехСервис','Москва','BASIC 2.0','Демо-задача очистки оборудования','Демо-данные','{"demo_meta": {"demo_hours": 12}}'::jsonb,FALSE, 28719.5,'');

INSERT INTO demo_expenses(action_id,row_order,article,qty,unit,price_net,price_vat,amount_vat,calc_type,is_custom,comment) VALUES
('RUSLAN-10',1,'Работа водителя за километраж по маячку А5/А6',120,'км',15,18.3,2196,'office_driver_km',FALSE,'Количество вводит менеджер; ставка подставляется по офису менеджера'),
('RUSLAN-10',2,'Работа демонстратора',6,'ч',1350,1647,9882,'demo_hours',FALSE,'Количество равно полю «Время работы демонстратором»'),
('RUSLAN-10',3,'Демонстрация криобластера',6,'ч',4000,4880,29280,'office_cryoblaster',FALSE,'Ставка подставляется по офису менеджера'),
('RUSLAN-10',4,'Налоги на ФОТ',1,'усл',10170,12407.4,12407.4,'payroll_tax',FALSE,'Автоматически от сумм ГПХ/ПНД'),
('RUSLAN-10',5,'Расходы на отель Менеджера',1,'день × чел',2800,3416,3416,'direct',FALSE,'Менеджерское поле'),
('RUSLAN-10',6,'Расходы на отель Водителя',1,'день × чел',2800,3416,3416,'direct',FALSE,'Менеджерское поле'),
('RUSLAN-10',7,'Расходы на переезд менеджера',0,'усл',3000,3660,0,'direct',FALSE,'Менеджерское поле'),
('RUSLAN-10',8,'Расходы на платную дорогу',0,'усл',0,0,0,'direct',FALSE,'Менеджерское поле'),
('RUSLAN-10',9,'Суточные для командировки',2,'день × чел',1500,1830,3660,'direct',FALSE,'Административная норма'),
('RUSLAN-10',10,'Расходы на дизель',14.4,'л',63.93,78,1123.2,'diesel',FALSE,'Формула: км / 100 × расход топлива'),
('RUSLAN-10',11,'Амортизация Газели и ТО',120,'км',10,12.2,1464,'office_gazelle_amort',FALSE,'Ставка подставляется по офису менеджера'),
('RUSLAN-10',12,'Расходы на закупку сухого льда',120,'кг',73.77,90,10800,'direct_vat_price',FALSE,'Менеджерское поле'),
('RUSLAN-10',13,'Расходы на доставку сухого льда в цех',0,'усл',1500,1830,0,'direct',FALSE,'Количество вводит менеджер; цена административная'),
('RUSLAN-30',1,'Работа водителя за километраж по маячку А5/А6',520,'км',15,18.3,9516,'office_driver_km',FALSE,'Количество вводит менеджер; ставка подставляется по офису менеджера'),
('RUSLAN-30',2,'Работа демонстратора',10,'ч',1350,1647,16470,'demo_hours',FALSE,'Количество равно полю «Время работы демонстратором»'),
('RUSLAN-30',3,'Демонстрация криобластера',10,'ч',4000,4880,48800,'office_cryoblaster',FALSE,'Ставка подставляется по офису менеджера'),
('RUSLAN-30',4,'Налоги на ФОТ',1,'усл',18390,22435.8,22435.8,'payroll_tax',FALSE,'Автоматически от сумм ГПХ/ПНД'),
('RUSLAN-30',5,'Расходы на отель Менеджера',1,'день × чел',2800,3416,3416,'direct',FALSE,'Менеджерское поле'),
('RUSLAN-30',6,'Расходы на отель Водителя',1,'день × чел',2800,3416,3416,'direct',FALSE,'Менеджерское поле'),
('RUSLAN-30',7,'Расходы на переезд менеджера',0,'усл',3000,3660,0,'direct',FALSE,'Менеджерское поле'),
('RUSLAN-30',8,'Расходы на платную дорогу',0,'усл',0,0,0,'direct',FALSE,'Менеджерское поле'),
('RUSLAN-30',9,'Суточные для командировки',2,'день × чел',1500,1830,3660,'direct',FALSE,'Административная норма'),
('RUSLAN-30',10,'Расходы на дизель',62.4,'л',63.93,78,4867.2,'diesel',FALSE,'Формула: км / 100 × расход топлива'),
('RUSLAN-30',11,'Амортизация Газели и ТО',520,'км',10,12.2,6344,'office_gazelle_amort',FALSE,'Ставка подставляется по офису менеджера'),
('RUSLAN-30',12,'Расходы на закупку сухого льда',300,'кг',73.77,90,27000,'direct_vat_price',FALSE,'Менеджерское поле'),
('RUSLAN-30',13,'Расходы на доставку сухого льда в цех',0,'усл',1500,1830,0,'direct',FALSE,'Количество вводит менеджер; цена административная'),
('RUSLAN-60',1,'Работа водителя за километраж по маячку А5/А6',120,'км',15,18.3,2196,'office_driver_km',FALSE,'Количество вводит менеджер; ставка подставляется по офису менеджера'),
('RUSLAN-60',2,'Работа демонстратора',8,'ч',1350,1647,13176,'demo_hours',FALSE,'Количество равно полю «Время работы демонстратором»'),
('RUSLAN-60',3,'Демонстрация криобластера',8,'ч',4000,4880,39040,'office_cryoblaster',FALSE,'Ставка подставляется по офису менеджера'),
('RUSLAN-60',4,'Налоги на ФОТ',1,'усл',13380,16323.6,16323.6,'payroll_tax',FALSE,'Автоматически от сумм ГПХ/ПНД'),
('RUSLAN-60',5,'Расходы на отель Менеджера',1,'день × чел',2800,3416,3416,'direct',FALSE,'Менеджерское поле'),
('RUSLAN-60',6,'Расходы на отель Водителя',1,'день × чел',2800,3416,3416,'direct',FALSE,'Менеджерское поле'),
('RUSLAN-60',7,'Расходы на переезд менеджера',0,'усл',3000,3660,0,'direct',FALSE,'Менеджерское поле'),
('RUSLAN-60',8,'Расходы на платную дорогу',0,'усл',0,0,0,'direct',FALSE,'Менеджерское поле'),
('RUSLAN-60',9,'Суточные для командировки',2,'день × чел',1500,1830,3660,'direct',FALSE,'Административная норма'),
('RUSLAN-60',10,'Расходы на дизель',14.4,'л',63.93,78,1123.2,'diesel',FALSE,'Формула: км / 100 × расход топлива'),
('RUSLAN-60',11,'Амортизация Газели и ТО',120,'км',10,12.2,1464,'office_gazelle_amort',FALSE,'Ставка подставляется по офису менеджера'),
('RUSLAN-60',12,'Расходы на закупку сухого льда',220,'кг',73.77,90,19800,'direct_vat_price',FALSE,'Менеджерское поле'),
('RUSLAN-60',13,'Расходы на доставку сухого льда в цех',0,'усл',1500,1830,0,'direct',FALSE,'Количество вводит менеджер; цена административная'),
('TIMUR-10',1,'Работа водителя за километраж по маячку А5/А6',120,'км',15,18.3,2196,'office_driver_km',FALSE,'Количество вводит менеджер; ставка подставляется по офису менеджера'),
('TIMUR-10',2,'Работа демонстратора',6,'ч',1350,1647,9882,'demo_hours',FALSE,'Количество равно полю «Время работы демонстратором»'),
('TIMUR-10',3,'Демонстрация криобластера',6,'ч',4000,4880,29280,'office_cryoblaster',FALSE,'Ставка подставляется по офису менеджера'),
('TIMUR-10',4,'Налоги на ФОТ',1,'усл',10170,12407.4,12407.4,'payroll_tax',FALSE,'Автоматически от сумм ГПХ/ПНД'),
('TIMUR-10',5,'Расходы на отель Менеджера',1,'день × чел',2800,3416,3416,'direct',FALSE,'Менеджерское поле'),
('TIMUR-10',6,'Расходы на отель Водителя',1,'день × чел',2800,3416,3416,'direct',FALSE,'Менеджерское поле'),
('TIMUR-10',7,'Расходы на переезд менеджера',0,'усл',3000,3660,0,'direct',FALSE,'Менеджерское поле'),
('TIMUR-10',8,'Расходы на платную дорогу',0,'усл',0,0,0,'direct',FALSE,'Менеджерское поле'),
('TIMUR-10',9,'Суточные для командировки',2,'день × чел',1500,1830,3660,'direct',FALSE,'Административная норма'),
('TIMUR-10',10,'Расходы на дизель',14.4,'л',63.93,78,1123.2,'diesel',FALSE,'Формула: км / 100 × расход топлива'),
('TIMUR-10',11,'Амортизация Газели и ТО',120,'км',10,12.2,1464,'office_gazelle_amort',FALSE,'Ставка подставляется по офису менеджера'),
('TIMUR-10',12,'Расходы на закупку сухого льда',120,'кг',73.77,90,10800,'direct_vat_price',FALSE,'Менеджерское поле'),
('TIMUR-10',13,'Расходы на доставку сухого льда в цех',0,'усл',1500,1830,0,'direct',FALSE,'Количество вводит менеджер; цена административная'),
('TIMUR-30',1,'Работа водителя за километраж по маячку А5/А6',520,'км',15,18.3,9516,'office_driver_km',FALSE,'Количество вводит менеджер; ставка подставляется по офису менеджера'),
('TIMUR-30',2,'Работа демонстратора',10,'ч',1350,1647,16470,'demo_hours',FALSE,'Количество равно полю «Время работы демонстратором»'),
('TIMUR-30',3,'Демонстрация криобластера',10,'ч',4000,4880,48800,'office_cryoblaster',FALSE,'Ставка подставляется по офису менеджера'),
('TIMUR-30',4,'Налоги на ФОТ',1,'усл',18390,22435.8,22435.8,'payroll_tax',FALSE,'Автоматически от сумм ГПХ/ПНД'),
('TIMUR-30',5,'Расходы на отель Менеджера',1,'день × чел',2800,3416,3416,'direct',FALSE,'Менеджерское поле'),
('TIMUR-30',6,'Расходы на отель Водителя',1,'день × чел',2800,3416,3416,'direct',FALSE,'Менеджерское поле'),
('TIMUR-30',7,'Расходы на переезд менеджера',0,'усл',3000,3660,0,'direct',FALSE,'Менеджерское поле'),
('TIMUR-30',8,'Расходы на платную дорогу',0,'усл',0,0,0,'direct',FALSE,'Менеджерское поле'),
('TIMUR-30',9,'Суточные для командировки',2,'день × чел',1500,1830,3660,'direct',FALSE,'Административная норма'),
('TIMUR-30',10,'Расходы на дизель',62.4,'л',63.93,78,4867.2,'diesel',FALSE,'Формула: км / 100 × расход топлива'),
('TIMUR-30',11,'Амортизация Газели и ТО',520,'км',10,12.2,6344,'office_gazelle_amort',FALSE,'Ставка подставляется по офису менеджера'),
('TIMUR-30',12,'Расходы на закупку сухого льда',300,'кг',73.77,90,27000,'direct_vat_price',FALSE,'Менеджерское поле'),
('TIMUR-30',13,'Расходы на доставку сухого льда в цех',0,'усл',1500,1830,0,'direct',FALSE,'Количество вводит менеджер; цена административная'),
('MARIA-10',1,'Работа водителя за километраж по маячку А5/А6',120,'км',18,21.96,2635.2,'office_driver_km',FALSE,'Количество вводит менеджер; ставка подставляется по офису менеджера'),
('MARIA-10',2,'Работа демонстратора',6,'ч',1350,1647,9882,'demo_hours',FALSE,'Количество равно полю «Время работы демонстратором»'),
('MARIA-10',3,'Демонстрация криобластера',6,'ч',4500,5490,32940,'office_cryoblaster',FALSE,'Ставка подставляется по офису менеджера'),
('MARIA-10',4,'Налоги на ФОТ',1,'усл',11178,13637.16,13637.16,'payroll_tax',FALSE,'Автоматически от сумм ГПХ/ПНД'),
('MARIA-10',5,'Расходы на отель Менеджера',1,'день × чел',2800,3416,3416,'direct',FALSE,'Менеджерское поле'),
('MARIA-10',6,'Расходы на отель Водителя',1,'день × чел',2800,3416,3416,'direct',FALSE,'Менеджерское поле'),
('MARIA-10',7,'Расходы на переезд менеджера',0,'усл',3000,3660,0,'direct',FALSE,'Менеджерское поле'),
('MARIA-10',8,'Расходы на платную дорогу',0,'усл',0,0,0,'direct',FALSE,'Менеджерское поле'),
('MARIA-10',9,'Суточные для командировки',2,'день × чел',1500,1830,3660,'direct',FALSE,'Административная норма'),
('MARIA-10',10,'Расходы на дизель',14.4,'л',63.93,78,1123.2,'diesel',FALSE,'Формула: км / 100 × расход топлива'),
('MARIA-10',11,'Амортизация Газели и ТО',120,'км',12,14.64,1756.8,'office_gazelle_amort',FALSE,'Ставка подставляется по офису менеджера'),
('MARIA-10',12,'Расходы на закупку сухого льда',120,'кг',73.77,90,10800,'direct_vat_price',FALSE,'Менеджерское поле'),
('MARIA-10',13,'Расходы на доставку сухого льда в цех',0,'усл',1500,1830,0,'direct',FALSE,'Количество вводит менеджер; цена административная'),
('MARIA-30',1,'Работа водителя за километраж по маячку А5/А6',520,'км',18,21.96,11419.2,'office_driver_km',FALSE,'Количество вводит менеджер; ставка подставляется по офису менеджера'),
('MARIA-30',2,'Работа демонстратора',10,'ч',1350,1647,16470,'demo_hours',FALSE,'Количество равно полю «Время работы демонстратором»'),
('MARIA-30',3,'Демонстрация криобластера',10,'ч',4500,5490,54900,'office_cryoblaster',FALSE,'Ставка подставляется по офису менеджера'),
('MARIA-30',4,'Налоги на ФОТ',1,'усл',20358,24836.76,24836.76,'payroll_tax',FALSE,'Автоматически от сумм ГПХ/ПНД'),
('MARIA-30',5,'Расходы на отель Менеджера',1,'день × чел',2800,3416,3416,'direct',FALSE,'Менеджерское поле'),
('MARIA-30',6,'Расходы на отель Водителя',1,'день × чел',2800,3416,3416,'direct',FALSE,'Менеджерское поле'),
('MARIA-30',7,'Расходы на переезд менеджера',0,'усл',3000,3660,0,'direct',FALSE,'Менеджерское поле'),
('MARIA-30',8,'Расходы на платную дорогу',0,'усл',0,0,0,'direct',FALSE,'Менеджерское поле'),
('MARIA-30',9,'Суточные для командировки',2,'день × чел',1500,1830,3660,'direct',FALSE,'Административная норма'),
('MARIA-30',10,'Расходы на дизель',62.4,'л',63.93,78,4867.2,'diesel',FALSE,'Формула: км / 100 × расход топлива'),
('MARIA-30',11,'Амортизация Газели и ТО',520,'км',12,14.64,7612.8,'office_gazelle_amort',FALSE,'Ставка подставляется по офису менеджера'),
('MARIA-30',12,'Расходы на закупку сухого льда',300,'кг',73.77,90,27000,'direct_vat_price',FALSE,'Менеджерское поле'),
('MARIA-30',13,'Расходы на доставку сухого льда в цех',0,'усл',1500,1830,0,'direct',FALSE,'Количество вводит менеджер; цена административная'),
('MARIA-60',1,'Работа водителя за километраж по маячку А5/А6',120,'км',18,21.96,2635.2,'office_driver_km',FALSE,'Количество вводит менеджер; ставка подставляется по офису менеджера'),
('MARIA-60',2,'Работа демонстратора',8,'ч',1350,1647,13176,'demo_hours',FALSE,'Количество равно полю «Время работы демонстратором»'),
('MARIA-60',3,'Демонстрация криобластера',8,'ч',4500,5490,43920,'office_cryoblaster',FALSE,'Ставка подставляется по офису менеджера'),
('MARIA-60',4,'Налоги на ФОТ',1,'усл',14688,17919.36,17919.36,'payroll_tax',FALSE,'Автоматически от сумм ГПХ/ПНД'),
('MARIA-60',5,'Расходы на отель Менеджера',1,'день × чел',2800,3416,3416,'direct',FALSE,'Менеджерское поле'),
('MARIA-60',6,'Расходы на отель Водителя',1,'день × чел',2800,3416,3416,'direct',FALSE,'Менеджерское поле'),
('MARIA-60',7,'Расходы на переезд менеджера',0,'усл',3000,3660,0,'direct',FALSE,'Менеджерское поле'),
('MARIA-60',8,'Расходы на платную дорогу',0,'усл',0,0,0,'direct',FALSE,'Менеджерское поле'),
('MARIA-60',9,'Суточные для командировки',2,'день × чел',1500,1830,3660,'direct',FALSE,'Административная норма'),
('MARIA-60',10,'Расходы на дизель',14.4,'л',63.93,78,1123.2,'diesel',FALSE,'Формула: км / 100 × расход топлива'),
('MARIA-60',11,'Амортизация Газели и ТО',120,'км',12,14.64,1756.8,'office_gazelle_amort',FALSE,'Ставка подставляется по офису менеджера'),
('MARIA-60',12,'Расходы на закупку сухого льда',220,'кг',73.77,90,19800,'direct_vat_price',FALSE,'Менеджерское поле'),
('MARIA-60',13,'Расходы на доставку сухого льда в цех',0,'усл',1500,1830,0,'direct',FALSE,'Количество вводит менеджер; цена административная'),
('MARIA-70',1,'Работа водителя за километраж по маячку А5/А6',300,'км',18,21.96,6588,'office_driver_km',FALSE,'Количество вводит менеджер; ставка подставляется по офису менеджера'),
('MARIA-70',2,'Работа демонстратора',10,'ч',1350,1647,16470,'demo_hours',FALSE,'Количество равно полю «Время работы демонстратором»'),
('MARIA-70',3,'Демонстрация криобластера',10,'ч',4500,5490,54900,'office_cryoblaster',FALSE,'Ставка подставляется по офису менеджера'),
('MARIA-70',4,'Налоги на ФОТ',1,'усл',19170,23387.4,23387.4,'payroll_tax',FALSE,'Автоматически от сумм ГПХ/ПНД'),
('MARIA-70',5,'Расходы на отель Менеджера',1,'день × чел',2800,3416,3416,'direct',FALSE,'Менеджерское поле'),
('MARIA-70',6,'Расходы на отель Водителя',1,'день × чел',2800,3416,3416,'direct',FALSE,'Менеджерское поле'),
('MARIA-70',7,'Расходы на переезд менеджера',0,'усл',3000,3660,0,'direct',FALSE,'Менеджерское поле'),
('MARIA-70',8,'Расходы на платную дорогу',0,'усл',0,0,0,'direct',FALSE,'Менеджерское поле'),
('MARIA-70',9,'Суточные для командировки',2,'день × чел',1500,1830,3660,'direct',FALSE,'Административная норма'),
('MARIA-70',10,'Расходы на дизель',36,'л',63.93,78,2808,'diesel',FALSE,'Формула: км / 100 × расход топлива'),
('MARIA-70',11,'Амортизация Газели и ТО',300,'км',12,14.64,4392,'office_gazelle_amort',FALSE,'Ставка подставляется по офису менеджера'),
('MARIA-70',12,'Расходы на закупку сухого льда',300,'кг',73.77,90,27000,'direct_vat_price',FALSE,'Менеджерское поле'),
('MARIA-70',13,'Расходы на доставку сухого льда в цех',0,'усл',1500,1830,0,'direct',FALSE,'Количество вводит менеджер; цена административная'),
('ILDAR-10',1,'Работа водителя за километраж по маячку А5/А6',120,'км',18,21.96,2635.2,'office_driver_km',FALSE,'Количество вводит менеджер; ставка подставляется по офису менеджера'),
('ILDAR-10',2,'Работа демонстратора',6,'ч',1350,1647,9882,'demo_hours',FALSE,'Количество равно полю «Время работы демонстратором»'),
('ILDAR-10',3,'Демонстрация криобластера',6,'ч',4500,5490,32940,'office_cryoblaster',FALSE,'Ставка подставляется по офису менеджера'),
('ILDAR-10',4,'Налоги на ФОТ',1,'усл',11178,13637.16,13637.16,'payroll_tax',FALSE,'Автоматически от сумм ГПХ/ПНД'),
('ILDAR-10',5,'Расходы на отель Менеджера',1,'день × чел',2800,3416,3416,'direct',FALSE,'Менеджерское поле'),
('ILDAR-10',6,'Расходы на отель Водителя',1,'день × чел',2800,3416,3416,'direct',FALSE,'Менеджерское поле'),
('ILDAR-10',7,'Расходы на переезд менеджера',0,'усл',3000,3660,0,'direct',FALSE,'Менеджерское поле'),
('ILDAR-10',8,'Расходы на платную дорогу',0,'усл',0,0,0,'direct',FALSE,'Менеджерское поле'),
('ILDAR-10',9,'Суточные для командировки',2,'день × чел',1500,1830,3660,'direct',FALSE,'Административная норма'),
('ILDAR-10',10,'Расходы на дизель',14.4,'л',63.93,78,1123.2,'diesel',FALSE,'Формула: км / 100 × расход топлива'),
('ILDAR-10',11,'Амортизация Газели и ТО',120,'км',12,14.64,1756.8,'office_gazelle_amort',FALSE,'Ставка подставляется по офису менеджера'),
('ILDAR-10',12,'Расходы на закупку сухого льда',120,'кг',73.77,90,10800,'direct_vat_price',FALSE,'Менеджерское поле'),
('ILDAR-10',13,'Расходы на доставку сухого льда в цех',0,'усл',1500,1830,0,'direct',FALSE,'Количество вводит менеджер; цена административная'),
('ILDAR-30',1,'Работа водителя за километраж по маячку А5/А6',520,'км',18,21.96,11419.2,'office_driver_km',FALSE,'Количество вводит менеджер; ставка подставляется по офису менеджера'),
('ILDAR-30',2,'Работа демонстратора',10,'ч',1350,1647,16470,'demo_hours',FALSE,'Количество равно полю «Время работы демонстратором»'),
('ILDAR-30',3,'Демонстрация криобластера',10,'ч',4500,5490,54900,'office_cryoblaster',FALSE,'Ставка подставляется по офису менеджера'),
('ILDAR-30',4,'Налоги на ФОТ',1,'усл',20358,24836.76,24836.76,'payroll_tax',FALSE,'Автоматически от сумм ГПХ/ПНД'),
('ILDAR-30',5,'Расходы на отель Менеджера',1,'день × чел',2800,3416,3416,'direct',FALSE,'Менеджерское поле'),
('ILDAR-30',6,'Расходы на отель Водителя',1,'день × чел',2800,3416,3416,'direct',FALSE,'Менеджерское поле'),
('ILDAR-30',7,'Расходы на переезд менеджера',0,'усл',3000,3660,0,'direct',FALSE,'Менеджерское поле'),
('ILDAR-30',8,'Расходы на платную дорогу',0,'усл',0,0,0,'direct',FALSE,'Менеджерское поле'),
('ILDAR-30',9,'Суточные для командировки',2,'день × чел',1500,1830,3660,'direct',FALSE,'Административная норма'),
('ILDAR-30',10,'Расходы на дизель',62.4,'л',63.93,78,4867.2,'diesel',FALSE,'Формула: км / 100 × расход топлива'),
('ILDAR-30',11,'Амортизация Газели и ТО',520,'км',12,14.64,7612.8,'office_gazelle_amort',FALSE,'Ставка подставляется по офису менеджера'),
('ILDAR-30',12,'Расходы на закупку сухого льда',300,'кг',73.77,90,27000,'direct_vat_price',FALSE,'Менеджерское поле'),
('ILDAR-30',13,'Расходы на доставку сухого льда в цех',0,'усл',1500,1830,0,'direct',FALSE,'Количество вводит менеджер; цена административная'),
('ILDAR-60',1,'Работа водителя за километраж по маячку А5/А6',120,'км',18,21.96,2635.2,'office_driver_km',FALSE,'Количество вводит менеджер; ставка подставляется по офису менеджера'),
('ILDAR-60',2,'Работа демонстратора',8,'ч',1350,1647,13176,'demo_hours',FALSE,'Количество равно полю «Время работы демонстратором»'),
('ILDAR-60',3,'Демонстрация криобластера',8,'ч',4500,5490,43920,'office_cryoblaster',FALSE,'Ставка подставляется по офису менеджера'),
('ILDAR-60',4,'Налоги на ФОТ',1,'усл',14688,17919.36,17919.36,'payroll_tax',FALSE,'Автоматически от сумм ГПХ/ПНД'),
('ILDAR-60',5,'Расходы на отель Менеджера',1,'день × чел',2800,3416,3416,'direct',FALSE,'Менеджерское поле'),
('ILDAR-60',6,'Расходы на отель Водителя',1,'день × чел',2800,3416,3416,'direct',FALSE,'Менеджерское поле'),
('ILDAR-60',7,'Расходы на переезд менеджера',0,'усл',3000,3660,0,'direct',FALSE,'Менеджерское поле'),
('ILDAR-60',8,'Расходы на платную дорогу',0,'усл',0,0,0,'direct',FALSE,'Менеджерское поле'),
('ILDAR-60',9,'Суточные для командировки',2,'день × чел',1500,1830,3660,'direct',FALSE,'Административная норма'),
('ILDAR-60',10,'Расходы на дизель',14.4,'л',63.93,78,1123.2,'diesel',FALSE,'Формула: км / 100 × расход топлива'),
('ILDAR-60',11,'Амортизация Газели и ТО',120,'км',12,14.64,1756.8,'office_gazelle_amort',FALSE,'Ставка подставляется по офису менеджера'),
('ILDAR-60',12,'Расходы на закупку сухого льда',220,'кг',73.77,90,19800,'direct_vat_price',FALSE,'Менеджерское поле'),
('ILDAR-60',13,'Расходы на доставку сухого льда в цех',0,'усл',1500,1830,0,'direct',FALSE,'Количество вводит менеджер; цена административная'),
('ILDAR-70',1,'Работа водителя за километраж по маячку А5/А6',300,'км',18,21.96,6588,'office_driver_km',FALSE,'Количество вводит менеджер; ставка подставляется по офису менеджера'),
('ILDAR-70',2,'Работа демонстратора',10,'ч',1350,1647,16470,'demo_hours',FALSE,'Количество равно полю «Время работы демонстратором»'),
('ILDAR-70',3,'Демонстрация криобластера',10,'ч',4500,5490,54900,'office_cryoblaster',FALSE,'Ставка подставляется по офису менеджера'),
('ILDAR-70',4,'Налоги на ФОТ',1,'усл',19170,23387.4,23387.4,'payroll_tax',FALSE,'Автоматически от сумм ГПХ/ПНД'),
('ILDAR-70',5,'Расходы на отель Менеджера',1,'день × чел',2800,3416,3416,'direct',FALSE,'Менеджерское поле'),
('ILDAR-70',6,'Расходы на отель Водителя',1,'день × чел',2800,3416,3416,'direct',FALSE,'Менеджерское поле'),
('ILDAR-70',7,'Расходы на переезд менеджера',0,'усл',3000,3660,0,'direct',FALSE,'Менеджерское поле'),
('ILDAR-70',8,'Расходы на платную дорогу',0,'усл',0,0,0,'direct',FALSE,'Менеджерское поле'),
('ILDAR-70',9,'Суточные для командировки',2,'день × чел',1500,1830,3660,'direct',FALSE,'Административная норма'),
('ILDAR-70',10,'Расходы на дизель',36,'л',63.93,78,2808,'diesel',FALSE,'Формула: км / 100 × расход топлива'),
('ILDAR-70',11,'Амортизация Газели и ТО',300,'км',12,14.64,4392,'office_gazelle_amort',FALSE,'Ставка подставляется по офису менеджера'),
('ILDAR-70',12,'Расходы на закупку сухого льда',300,'кг',73.77,90,27000,'direct_vat_price',FALSE,'Менеджерское поле'),
('ILDAR-70',13,'Расходы на доставку сухого льда в цех',0,'усл',1500,1830,0,'direct',FALSE,'Количество вводит менеджер; цена административная'),
('ILDAR-80',1,'Работа водителя за километраж по маячку А5/А6',520,'км',18,21.96,11419.2,'office_driver_km',FALSE,'Количество вводит менеджер; ставка подставляется по офису менеджера'),
('ILDAR-80',2,'Работа демонстратора',12,'ч',1350,1647,19764,'demo_hours',FALSE,'Количество равно полю «Время работы демонстратором»'),
('ILDAR-80',3,'Демонстрация криобластера',12,'ч',4500,5490,65880,'office_cryoblaster',FALSE,'Ставка подставляется по офису менеджера'),
('ILDAR-80',4,'Налоги на ФОТ',1,'усл',23868,29118.96,29118.96,'payroll_tax',FALSE,'Автоматически от сумм ГПХ/ПНД'),
('ILDAR-80',5,'Расходы на отель Менеджера',1,'день × чел',2800,3416,3416,'direct',FALSE,'Менеджерское поле'),
('ILDAR-80',6,'Расходы на отель Водителя',1,'день × чел',2800,3416,3416,'direct',FALSE,'Менеджерское поле'),
('ILDAR-80',7,'Расходы на переезд менеджера',0,'усл',3000,3660,0,'direct',FALSE,'Менеджерское поле'),
('ILDAR-80',8,'Расходы на платную дорогу',0,'усл',0,0,0,'direct',FALSE,'Менеджерское поле'),
('ILDAR-80',9,'Суточные для командировки',2,'день × чел',1500,1830,3660,'direct',FALSE,'Административная норма'),
('ILDAR-80',10,'Расходы на дизель',62.4,'л',63.93,78,4867.2,'diesel',FALSE,'Формула: км / 100 × расход топлива'),
('ILDAR-80',11,'Амортизация Газели и ТО',520,'км',12,14.64,7612.8,'office_gazelle_amort',FALSE,'Ставка подставляется по офису менеджера'),
('ILDAR-80',12,'Расходы на закупку сухого льда',380,'кг',73.77,90,34200,'direct_vat_price',FALSE,'Менеджерское поле'),
('ILDAR-80',13,'Расходы на доставку сухого льда в цех',0,'усл',1500,1830,0,'direct',FALSE,'Количество вводит менеджер; цена административная');

INSERT INTO demo_criterion_values(action_id,criterion_code,level_index,manager_comment) VALUES
('RUSLAN-10','P1',0,''),
('RUSLAN-10','P2',0,''),
('RUSLAN-10','P3',0,''),
('RUSLAN-10','P4',0,''),
('RUSLAN-10','P5',0,''),
('RUSLAN-10','P6',0,''),
('RUSLAN-10','P7',0,''),
('RUSLAN-10','P8',0,''),
('RUSLAN-10','R1',0,''),
('RUSLAN-10','R2',0,''),
('RUSLAN-10','R3',0,''),
('RUSLAN-10','R4',0,''),
('RUSLAN-10','R5',0,''),
('RUSLAN-10','R6',0,''),
('RUSLAN-10','R7',0,''),
('RUSLAN-10','M1',0,''),
('RUSLAN-10','M2',0,''),
('RUSLAN-10','M3',0,''),
('RUSLAN-10','M4',0,''),
('RUSLAN-10','M5',0,''),
('RUSLAN-10','M6',0,''),
('RUSLAN-10','M7',0,''),
('RUSLAN-30','P1',2,''),
('RUSLAN-30','P2',2,''),
('RUSLAN-30','P3',2,''),
('RUSLAN-30','P4',2,''),
('RUSLAN-30','P5',2,''),
('RUSLAN-30','P6',2,''),
('RUSLAN-30','P7',2,''),
('RUSLAN-30','P8',2,''),
('RUSLAN-30','R1',2,''),
('RUSLAN-30','R2',2,''),
('RUSLAN-30','R3',2,''),
('RUSLAN-30','R4',2,''),
('RUSLAN-30','R5',2,''),
('RUSLAN-30','R6',2,''),
('RUSLAN-30','R7',2,''),
('RUSLAN-30','M1',2,''),
('RUSLAN-30','M2',2,''),
('RUSLAN-30','M3',2,''),
('RUSLAN-30','M4',2,''),
('RUSLAN-30','M5',2,''),
('RUSLAN-30','M6',2,''),
('RUSLAN-30','M7',2,''),
('RUSLAN-60','P1',2,''),
('RUSLAN-60','P2',2,''),
('RUSLAN-60','P3',2,''),
('RUSLAN-60','P4',2,''),
('RUSLAN-60','P5',2,''),
('RUSLAN-60','P6',2,''),
('RUSLAN-60','P7',2,''),
('RUSLAN-60','P8',2,''),
('RUSLAN-60','R1',2,''),
('RUSLAN-60','R2',2,''),
('RUSLAN-60','R3',2,''),
('RUSLAN-60','R4',2,''),
('RUSLAN-60','R5',2,''),
('RUSLAN-60','R6',2,''),
('RUSLAN-60','R7',2,''),
('RUSLAN-60','M1',2,''),
('RUSLAN-60','M2',2,''),
('RUSLAN-60','M3',2,''),
('RUSLAN-60','M4',2,''),
('RUSLAN-60','M5',2,''),
('RUSLAN-60','M6',2,''),
('RUSLAN-60','M7',2,''),
('TIMUR-10','P1',0,''),
('TIMUR-10','P2',0,''),
('TIMUR-10','P3',0,''),
('TIMUR-10','P4',0,''),
('TIMUR-10','P5',0,''),
('TIMUR-10','P6',0,''),
('TIMUR-10','P7',0,''),
('TIMUR-10','P8',0,''),
('TIMUR-10','R1',0,''),
('TIMUR-10','R2',0,''),
('TIMUR-10','R3',0,''),
('TIMUR-10','R4',0,''),
('TIMUR-10','R5',0,''),
('TIMUR-10','R6',0,''),
('TIMUR-10','R7',0,''),
('TIMUR-10','M1',0,''),
('TIMUR-10','M2',0,''),
('TIMUR-10','M3',0,''),
('TIMUR-10','M4',0,''),
('TIMUR-10','M5',0,''),
('TIMUR-10','M6',0,''),
('TIMUR-10','M7',0,''),
('TIMUR-30','P1',2,''),
('TIMUR-30','P2',2,''),
('TIMUR-30','P3',2,''),
('TIMUR-30','P4',2,''),
('TIMUR-30','P5',2,''),
('TIMUR-30','P6',2,''),
('TIMUR-30','P7',2,''),
('TIMUR-30','P8',2,''),
('TIMUR-30','R1',2,''),
('TIMUR-30','R2',2,''),
('TIMUR-30','R3',2,''),
('TIMUR-30','R4',2,''),
('TIMUR-30','R5',2,''),
('TIMUR-30','R6',2,''),
('TIMUR-30','R7',2,''),
('TIMUR-30','M1',2,''),
('TIMUR-30','M2',2,''),
('TIMUR-30','M3',2,''),
('TIMUR-30','M4',2,''),
('TIMUR-30','M5',2,''),
('TIMUR-30','M6',2,''),
('TIMUR-30','M7',2,''),
('MARIA-10','P1',0,''),
('MARIA-10','P2',0,''),
('MARIA-10','P3',0,''),
('MARIA-10','P4',0,''),
('MARIA-10','P5',0,''),
('MARIA-10','P6',0,''),
('MARIA-10','P7',0,''),
('MARIA-10','P8',0,''),
('MARIA-10','R1',0,''),
('MARIA-10','R2',0,''),
('MARIA-10','R3',0,''),
('MARIA-10','R4',0,''),
('MARIA-10','R5',0,''),
('MARIA-10','R6',0,''),
('MARIA-10','R7',0,''),
('MARIA-10','M1',0,''),
('MARIA-10','M2',0,''),
('MARIA-10','M3',0,''),
('MARIA-10','M4',0,''),
('MARIA-10','M5',0,''),
('MARIA-10','M6',0,''),
('MARIA-10','M7',0,''),
('MARIA-30','P1',2,''),
('MARIA-30','P2',2,''),
('MARIA-30','P3',2,''),
('MARIA-30','P4',2,''),
('MARIA-30','P5',2,''),
('MARIA-30','P6',2,''),
('MARIA-30','P7',2,''),
('MARIA-30','P8',2,''),
('MARIA-30','R1',2,''),
('MARIA-30','R2',2,''),
('MARIA-30','R3',2,''),
('MARIA-30','R4',2,''),
('MARIA-30','R5',2,''),
('MARIA-30','R6',2,''),
('MARIA-30','R7',2,''),
('MARIA-30','M1',2,''),
('MARIA-30','M2',2,''),
('MARIA-30','M3',2,''),
('MARIA-30','M4',2,''),
('MARIA-30','M5',2,''),
('MARIA-30','M6',2,''),
('MARIA-30','M7',2,''),
('MARIA-60','P1',2,''),
('MARIA-60','P2',2,''),
('MARIA-60','P3',2,''),
('MARIA-60','P4',2,''),
('MARIA-60','P5',2,''),
('MARIA-60','P6',2,''),
('MARIA-60','P7',2,''),
('MARIA-60','P8',2,''),
('MARIA-60','R1',2,''),
('MARIA-60','R2',2,''),
('MARIA-60','R3',2,''),
('MARIA-60','R4',2,''),
('MARIA-60','R5',2,''),
('MARIA-60','R6',2,''),
('MARIA-60','R7',2,''),
('MARIA-60','M1',2,''),
('MARIA-60','M2',2,''),
('MARIA-60','M3',2,''),
('MARIA-60','M4',2,''),
('MARIA-60','M5',2,''),
('MARIA-60','M6',2,''),
('MARIA-60','M7',2,''),
('MARIA-70','P1',0,''),
('MARIA-70','P2',0,''),
('MARIA-70','P3',0,''),
('MARIA-70','P4',0,''),
('MARIA-70','P5',0,''),
('MARIA-70','P6',0,''),
('MARIA-70','P7',0,''),
('MARIA-70','P8',0,''),
('MARIA-70','R1',0,''),
('MARIA-70','R2',0,''),
('MARIA-70','R3',0,''),
('MARIA-70','R4',0,''),
('MARIA-70','R5',0,''),
('MARIA-70','R6',0,''),
('MARIA-70','R7',0,''),
('MARIA-70','M1',0,''),
('MARIA-70','M2',0,''),
('MARIA-70','M3',0,''),
('MARIA-70','M4',0,''),
('MARIA-70','M5',0,''),
('MARIA-70','M6',0,''),
('MARIA-70','M7',0,''),
('ILDAR-10','P1',0,''),
('ILDAR-10','P2',0,''),
('ILDAR-10','P3',0,''),
('ILDAR-10','P4',0,''),
('ILDAR-10','P5',0,''),
('ILDAR-10','P6',0,''),
('ILDAR-10','P7',0,''),
('ILDAR-10','P8',0,''),
('ILDAR-10','R1',0,''),
('ILDAR-10','R2',0,''),
('ILDAR-10','R3',0,''),
('ILDAR-10','R4',0,''),
('ILDAR-10','R5',0,''),
('ILDAR-10','R6',0,''),
('ILDAR-10','R7',0,''),
('ILDAR-10','M1',0,''),
('ILDAR-10','M2',0,''),
('ILDAR-10','M3',0,''),
('ILDAR-10','M4',0,''),
('ILDAR-10','M5',0,''),
('ILDAR-10','M6',0,''),
('ILDAR-10','M7',0,''),
('ILDAR-30','P1',2,''),
('ILDAR-30','P2',2,''),
('ILDAR-30','P3',2,''),
('ILDAR-30','P4',2,''),
('ILDAR-30','P5',2,''),
('ILDAR-30','P6',2,''),
('ILDAR-30','P7',2,''),
('ILDAR-30','P8',2,''),
('ILDAR-30','R1',2,''),
('ILDAR-30','R2',2,''),
('ILDAR-30','R3',2,''),
('ILDAR-30','R4',2,''),
('ILDAR-30','R5',2,''),
('ILDAR-30','R6',2,''),
('ILDAR-30','R7',2,''),
('ILDAR-30','M1',2,''),
('ILDAR-30','M2',2,''),
('ILDAR-30','M3',2,''),
('ILDAR-30','M4',2,''),
('ILDAR-30','M5',2,''),
('ILDAR-30','M6',2,''),
('ILDAR-30','M7',2,''),
('ILDAR-60','P1',2,''),
('ILDAR-60','P2',2,''),
('ILDAR-60','P3',2,''),
('ILDAR-60','P4',2,''),
('ILDAR-60','P5',2,''),
('ILDAR-60','P6',2,''),
('ILDAR-60','P7',2,''),
('ILDAR-60','P8',2,''),
('ILDAR-60','R1',2,''),
('ILDAR-60','R2',2,''),
('ILDAR-60','R3',2,''),
('ILDAR-60','R4',2,''),
('ILDAR-60','R5',2,''),
('ILDAR-60','R6',2,''),
('ILDAR-60','R7',2,''),
('ILDAR-60','M1',2,''),
('ILDAR-60','M2',2,''),
('ILDAR-60','M3',2,''),
('ILDAR-60','M4',2,''),
('ILDAR-60','M5',2,''),
('ILDAR-60','M6',2,''),
('ILDAR-60','M7',2,''),
('ILDAR-70','P1',0,''),
('ILDAR-70','P2',0,''),
('ILDAR-70','P3',0,''),
('ILDAR-70','P4',0,''),
('ILDAR-70','P5',0,''),
('ILDAR-70','P6',0,''),
('ILDAR-70','P7',0,''),
('ILDAR-70','P8',0,''),
('ILDAR-70','R1',0,''),
('ILDAR-70','R2',0,''),
('ILDAR-70','R3',0,''),
('ILDAR-70','R4',0,''),
('ILDAR-70','R5',0,''),
('ILDAR-70','R6',0,''),
('ILDAR-70','R7',0,''),
('ILDAR-70','M1',0,''),
('ILDAR-70','M2',0,''),
('ILDAR-70','M3',0,''),
('ILDAR-70','M4',0,''),
('ILDAR-70','M5',0,''),
('ILDAR-70','M6',0,''),
('ILDAR-70','M7',0,''),
('ILDAR-80','P1',1,''),
('ILDAR-80','P2',1,''),
('ILDAR-80','P3',1,''),
('ILDAR-80','P4',1,''),
('ILDAR-80','P5',1,''),
('ILDAR-80','P6',1,''),
('ILDAR-80','P7',1,''),
('ILDAR-80','P8',1,''),
('ILDAR-80','R1',1,''),
('ILDAR-80','R2',1,''),
('ILDAR-80','R3',1,''),
('ILDAR-80','R4',1,''),
('ILDAR-80','R5',1,''),
('ILDAR-80','R6',1,''),
('ILDAR-80','R7',1,''),
('ILDAR-80','M1',1,''),
('ILDAR-80','M2',1,''),
('ILDAR-80','M3',1,''),
('ILDAR-80','M4',1,''),
('ILDAR-80','M5',1,''),
('ILDAR-80','M6',1,''),
('ILDAR-80','M7',1,'');

INSERT INTO sale_rows(action_id,row_order,product_id,sku,name,pr0_vat,price_vat,price_net,qty,total_vat,total_net,vat_sum,mr_unit,pr_unit,st_pct,cash_net) VALUES
('RUSLAN-20',1,'BASIC-2.0-P10-PLa-F3500','BASIC-2.0-P10-PLa-F3500','Криобластер BASIC 2.0 (P10/PLa), 0-60 кг/ч, 3500 л/мин',1169980,1169980,959000,1,1169980,959000,210980,191800,95900,0.565,108367),
('RUSLAN-40',1,'TR-2.0-MAX-P12-PLa-F3500-PRO-II','TR-2.0-MAX-P12-PLa-F3500-PRO-II','Криобластер TRANSFORMER 2.0 MAX (P12/PLa), 0-150 кг/ч, 3500 л/мин',2166720,2166720,1776000,1,2166720,1776000,390720,355200,177600,0.565,200688),
('TIMUR-20',1,'ONE-2.0-P12-PLa-F3500','ONE-2.0-P12-PLa-F3500','Криобластер ONE 2.0 (P12/PLa), 0-150 кг/ч, 3500 л/мин',1886120,1886120,1546000,1,1886120,1546000,340120,309200,154600,0.565,174698),
('MARIA-20',1,'TR-2.0-MAX-P12-PLa-F3500-PRO-II','TR-2.0-MAX-P12-PLa-F3500-PRO-II','Криобластер TRANSFORMER 2.0 MAX (P12/PLa), 0-150 кг/ч, 3500 л/мин',2166720,2166720,1776000,1,2166720,1776000,390720,355200,177600,0.465,165168),
('MARIA-40',1,'MINI-3.0-P10-F2500','MINI-3.0-P10-F2500','Криобластер MINI 3.0 (P10), 30 кг/ч, 2500 л/мин, MINI-II',203740,203740,167000,1,203740,167000,36740,33400,16700,0.465,15531),
('ILDAR-20',1,'NZ-LV-5000','NZ-LV-5000','Сопло агрессивное NZ-LV-5000',92720,92720,76000,1,92720,76000,16720,15200,7600,0.465,7068),
('ILDAR-40',1,'BASIC-2.0-P10-PLa-F3500','BASIC-2.0-P10-PLa-F3500','Криобластер BASIC 2.0 (P10/PLa), 0-60 кг/ч, 3500 л/мин',1169980,1169980,959000,1,1169980,959000,210980,191800,95900,0.465,89187);

-- Проверка
SELECT manager_login, COUNT(*) AS actions_total, COUNT(*) FILTER (WHERE is_locked) AS locked_actions FROM v_actions_with_lock GROUP BY manager_login ORDER BY manager_login;
